,url,weekid,week_position,song,performer,performerGroup,songid,instance,previous_week_position,peak_position,weeks_on_chart,year,month,day,date,season,positionChangeWithinWeek,xmasDate,numberOfDaysToXmas,initialStartPosition,BeforeXmas,xmasInSong,all,decade,weekPosCat,weekPosCat50,weeksOnChartPerSeason,songnamelength,xmasInSongR,weeksOnChartPerSeasonR
0,http://www.billboard.com/charts/hot-100/2000-01-01,2000-01-01 00:00:00,53,THIS GIFT,98 Degrees,1,This Gift98 Degrees,1,,49,3,2000,1,1,2000-01-01,1999,0.0,1999-12-25,-7,53,0,False,,2000,2,0,3,9,0,1
1,http://www.billboard.com/charts/hot-100/2000-01-08,2000-08-01 00:00:00,49,THIS GIFT,98 Degrees,1,This Gift98 Degrees,1,53.0,49,3,2000,1,8,2000-01-08,1999,-4.0,1999-12-25,-14,0,0,False,,2000,2,0,3,9,0,1
2,http://www.billboard.com/charts/hot-100/2000-01-15,1/15/2000,79,THIS GIFT,98 Degrees,1,This Gift98 Degrees,1,49.0,49,3,2000,1,15,2000-01-15,1999,30.0,1999-12-25,-21,0,0,False,,2000,4,1,3,9,0,1
3,http://www.billboard.com/charts/hot-100/2006-12-09,2006-09-12 00:00:00,96,GREATEST TIME OF YEAR,Aly & AJ,1,Greatest Time Of YearAly & AJ,1,,96,1,2006,12,9,2006-12-09,2006,0.0,2006-12-25,16,96,1,False,,2000,4,1,1,21,0,0
4,http://www.billboard.com/charts/hot-100/2017-01-07,2017-07-01 00:00:00,48,IT'S THE MOST WONDERFUL TIME OF THE YEAR,Andy Williams,0,It's The Most Wonderful Time Of The YearAndy Williams,1,,48,1,2017,1,7,2017-01-07,2016,0.0,2016-12-25,-13,48,0,False,,2010,2,0,1,40,0,0
5,http://www.billboard.com/charts/hot-100/2013-12-07,2013-07-12 00:00:00,96,LAST CHRISTMAS,Ariana Grande,0,Last ChristmasAriana Grande,1,,96,1,2013,12,7,2013-12-07,2013,0.0,2013-12-25,18,96,1,True,,2010,4,1,1,14,1,0
6,http://www.billboard.com/charts/hot-100/2014-12-13,12/13/2014,65,SANTA TELL ME,Ariana Grande,0,Santa Tell MeAriana Grande,1,,42,5,2014,12,13,2014-12-13,2014,0.0,2014-12-25,12,65,1,False,,2010,3,1,5,13,0,2
7,http://www.billboard.com/charts/hot-100/2014-12-20,12/20/2014,92,SANTA TELL ME,Ariana Grande,0,Santa Tell MeAriana Grande,1,65.0,42,5,2014,12,20,2014-12-20,2014,27.0,2014-12-25,5,0,1,False,,2010,4,1,5,13,0,2
8,http://www.billboard.com/charts/hot-100/2014-12-27,12/27/2014,64,SANTA TELL ME,Ariana Grande,0,Santa Tell MeAriana Grande,1,92.0,42,5,2014,12,27,2014-12-27,2014,-28.0,2014-12-25,-2,0,0,False,,2010,3,1,5,13,0,2
9,http://www.billboard.com/charts/hot-100/2015-01-03,2015-03-01 00:00:00,42,SANTA TELL ME,Ariana Grande,0,Santa Tell MeAriana Grande,1,64.0,42,5,2015,1,3,2015-01-03,2014,-22.0,2014-12-25,-9,0,0,False,,2010,2,0,5,13,0,2
10,http://www.billboard.com/charts/hot-100/2015-01-10,2015-10-01 00:00:00,50,SANTA TELL ME,Ariana Grande,0,Santa Tell MeAriana Grande,1,42.0,42,5,2015,1,10,2015-01-10,2014,8.0,2014-12-25,-16,0,0,False,,2010,2,0,5,13,0,2
11,http://www.billboard.com/charts/hot-100/1984-12-22,12/22/1984,65,DO THEY KNOW IT'S CHRISTMAS?,Band-Aid,1,Do They Know It's Christmas?Band-Aid,1,,13,9,1984,12,22,1984-12-22,1984,0.0,1984-12-25,3,65,1,True,,1980,3,1,6,28,1,2
12,http://www.billboard.com/charts/hot-100/1984-12-29,12/29/1984,65,DO THEY KNOW IT'S CHRISTMAS?,Band-Aid,1,Do They Know It's Christmas?Band-Aid,1,65.0,13,9,1984,12,29,1984-12-29,1984,0.0,1984-12-25,-4,0,0,True,,1980,3,1,6,28,1,2
13,http://www.billboard.com/charts/hot-100/1985-01-05,1985-05-01 00:00:00,20,DO THEY KNOW IT'S CHRISTMAS?,Band-Aid,1,Do They Know It's Christmas?Band-Aid,1,65.0,13,9,1985,1,5,1985-01-05,1984,-45.0,1984-12-25,-11,0,0,True,,1980,1,0,6,28,1,2
14,http://www.billboard.com/charts/hot-100/1985-01-12,1985-12-01 00:00:00,15,DO THEY KNOW IT'S CHRISTMAS?,Band-Aid,1,Do They Know It's Christmas?Band-Aid,1,20.0,13,9,1985,1,12,1985-01-12,1984,-5.0,1984-12-25,-18,0,0,True,,1980,1,0,6,28,1,2
15,http://www.billboard.com/charts/hot-100/1985-01-19,1/19/1985,13,DO THEY KNOW IT'S CHRISTMAS?,Band-Aid,1,Do They Know It's Christmas?Band-Aid,1,15.0,13,9,1985,1,19,1985-01-19,1984,-2.0,1984-12-25,-25,0,0,True,,1980,1,0,6,28,1,2
16,http://www.billboard.com/charts/hot-100/1985-01-26,1/26/1985,17,DO THEY KNOW IT'S CHRISTMAS?,Band-Aid,1,Do They Know It's Christmas?Band-Aid,1,13.0,13,9,1985,1,26,1985-01-26,1984,4.0,1984-12-25,-32,0,0,True,,1980,1,0,6,28,1,2
17,http://www.billboard.com/charts/hot-100/1958-12-20,12/20/1958,86,WHITE CHRISTMAS,Bing Crosby,0,White ChristmasBing Crosby,1,,12,13,1958,12,20,1958-12-20,1958,0.0,1958-12-25,5,86,1,True,,1950,4,1,2,15,1,1
18,http://www.billboard.com/charts/hot-100/1958-12-27,12/27/1958,66,WHITE CHRISTMAS,Bing Crosby,0,White ChristmasBing Crosby,1,86.0,12,13,1958,12,27,1958-12-27,1958,-20.0,1958-12-25,-2,0,0,True,,1950,3,1,2,15,1,1
19,http://www.billboard.com/charts/hot-100/1959-12-26,12/26/1959,59,WHITE CHRISTMAS,Bing Crosby,0,White ChristmasBing Crosby,2,,12,13,1959,12,26,1959-12-26,1959,0.0,1959-12-25,-1,59,0,True,,1950,3,1,1,15,1,0
20,http://www.billboard.com/charts/hot-100/1960-12-10,1960-10-12 00:00:00,55,WHITE CHRISTMAS,Bing Crosby,0,White ChristmasBing Crosby,3,,12,13,1960,12,10,1960-12-10,1960,0.0,1960-12-25,15,55,1,True,,1960,2,0,3,15,1,1
21,http://www.billboard.com/charts/hot-100/1960-12-17,12/17/1960,64,SILENT NIGHT,Bing Crosby,0,Silent NightBing Crosby,1,,54,2,1960,12,17,1960-12-17,1960,0.0,1960-12-25,8,64,1,False,,1960,3,1,2,12,0,1
22,http://www.billboard.com/charts/hot-100/1960-12-17,12/17/1960,32,WHITE CHRISTMAS,Bing Crosby,0,White ChristmasBing Crosby,3,55.0,12,13,1960,12,17,1960-12-17,1960,-23.0,1960-12-25,8,0,1,True,,1960,1,0,3,15,1,1
23,http://www.billboard.com/charts/hot-100/1960-12-24,12/24/1960,26,WHITE CHRISTMAS,Bing Crosby,0,White ChristmasBing Crosby,3,32.0,12,13,1960,12,24,1960-12-24,1960,-6.0,1960-12-25,1,0,1,True,,1960,1,0,3,15,1,1
24,http://www.billboard.com/charts/hot-100/1960-12-24,12/24/1960,54,SILENT NIGHT,Bing Crosby,0,Silent NightBing Crosby,1,64.0,54,2,1960,12,24,1960-12-24,1960,-10.0,1960-12-25,1,0,1,False,,1960,2,0,2,12,0,1
25,http://www.billboard.com/charts/hot-100/1961-12-09,1961-09-12 00:00:00,66,WHITE CHRISTMAS,Bing Crosby,0,White ChristmasBing Crosby,4,,12,13,1961,12,9,1961-12-09,1961,0.0,1961-12-25,16,66,1,True,,1960,3,1,5,15,1,2
26,http://www.billboard.com/charts/hot-100/1961-12-16,12/16/1961,33,WHITE CHRISTMAS,Bing Crosby,0,White ChristmasBing Crosby,4,66.0,12,13,1961,12,16,1961-12-16,1961,-33.0,1961-12-25,9,0,1,True,,1960,1,0,5,15,1,2
27,http://www.billboard.com/charts/hot-100/1961-12-23,12/23/1961,20,WHITE CHRISTMAS,Bing Crosby,0,White ChristmasBing Crosby,4,33.0,12,13,1961,12,23,1961-12-23,1961,-13.0,1961-12-25,2,0,1,True,,1960,1,0,5,15,1,2
28,http://www.billboard.com/charts/hot-100/1961-12-30,12/30/1961,12,WHITE CHRISTMAS,Bing Crosby,0,White ChristmasBing Crosby,4,20.0,12,13,1961,12,30,1961-12-30,1961,-8.0,1961-12-25,-5,0,0,True,,1960,1,0,5,15,1,2
29,http://www.billboard.com/charts/hot-100/1962-01-06,1962-06-01 00:00:00,12,WHITE CHRISTMAS,Bing Crosby,0,White ChristmasBing Crosby,4,20.0,12,13,1962,1,6,1962-01-06,1961,-8.0,1961-12-25,-12,0,0,True,,1960,1,0,5,15,1,2
30,http://www.billboard.com/charts/hot-100/1962-12-15,12/15/1962,70,WHITE CHRISTMAS,Bing Crosby,0,White ChristmasBing Crosby,5,,12,13,1962,12,15,1962-12-15,1962,0.0,1962-12-25,10,70,1,True,,1960,3,1,3,15,1,1
31,http://www.billboard.com/charts/hot-100/1962-12-22,12/22/1962,46,WHITE CHRISTMAS,Bing Crosby,0,White ChristmasBing Crosby,5,70.0,12,13,1962,12,22,1962-12-22,1962,-24.0,1962-12-25,3,0,1,True,,1960,2,0,3,15,1,1
32,http://www.billboard.com/charts/hot-100/1962-12-29,12/29/1962,38,WHITE CHRISTMAS,Bing Crosby,0,White ChristmasBing Crosby,5,46.0,12,13,1962,12,29,1962-12-29,1962,-8.0,1962-12-25,-4,0,0,True,,1960,1,0,3,15,1,1
33,http://www.billboard.com/charts/hot-100/1962-12-08,1962-08-12 00:00:00,80,MONSTERS' HOLIDAY,"Bobby ""Boris"" Pickett And The Crypt-Kickers",1,"Monsters' HolidayBobby ""Boris"" Pickett And The Crypt-Kickers",1,,30,6,1962,12,8,1962-12-08,1962,0.0,1962-12-25,17,80,1,False,,1960,4,1,6,17,0,2
34,http://www.billboard.com/charts/hot-100/1962-12-15,12/15/1962,57,MONSTERS' HOLIDAY,"Bobby ""Boris"" Pickett And The Crypt-Kickers",1,"Monsters' HolidayBobby ""Boris"" Pickett And The Crypt-Kickers",1,80.0,30,6,1962,12,15,1962-12-15,1962,-23.0,1962-12-25,10,0,1,False,,1960,2,0,6,17,0,2
35,http://www.billboard.com/charts/hot-100/1962-12-22,12/22/1962,40,MONSTERS' HOLIDAY,"Bobby ""Boris"" Pickett And The Crypt-Kickers",1,"Monsters' HolidayBobby ""Boris"" Pickett And The Crypt-Kickers",1,57.0,30,6,1962,12,22,1962-12-22,1962,-17.0,1962-12-25,3,0,1,False,,1960,2,0,6,17,0,2
36,http://www.billboard.com/charts/hot-100/1962-12-29,12/29/1962,31,MONSTERS' HOLIDAY,"Bobby ""Boris"" Pickett And The Crypt-Kickers",1,"Monsters' HolidayBobby ""Boris"" Pickett And The Crypt-Kickers",1,40.0,30,6,1962,12,29,1962-12-29,1962,-9.0,1962-12-25,-4,0,0,False,,1960,1,0,6,17,0,2
37,http://www.billboard.com/charts/hot-100/1963-01-05,1963-05-01 00:00:00,30,MONSTERS' HOLIDAY,"Bobby ""Boris"" Pickett And The Crypt-Kickers",1,"Monsters' HolidayBobby ""Boris"" Pickett And The Crypt-Kickers",1,31.0,30,6,1963,1,5,1963-01-05,1962,-1.0,1962-12-25,-11,0,0,False,,1960,1,0,6,17,0,2
38,http://www.billboard.com/charts/hot-100/1963-01-12,1963-12-01 00:00:00,39,MONSTERS' HOLIDAY,"Bobby ""Boris"" Pickett And The Crypt-Kickers",1,"Monsters' HolidayBobby ""Boris"" Pickett And The Crypt-Kickers",1,30.0,30,6,1963,1,12,1963-01-12,1962,9.0,1962-12-25,-18,0,0,False,,1960,2,0,6,17,0,2
39,http://www.billboard.com/charts/hot-100/1960-12-17,12/17/1960,89,CHRISTMAS AULD LANG SYNE,Bobby Darin,0,Christmas Auld Lang SyneBobby Darin,1,,51,3,1960,12,17,1960-12-17,1960,0.0,1960-12-25,8,89,1,True,,1960,4,1,3,24,1,1
40,http://www.billboard.com/charts/hot-100/1960-12-24,12/24/1960,95,CHILD OF GOD,Bobby Darin,0,Child Of GodBobby Darin,1,,95,1,1960,12,24,1960-12-24,1960,0.0,1960-12-25,1,95,1,False,,1960,4,1,1,12,0,0
41,http://www.billboard.com/charts/hot-100/1960-12-24,12/24/1960,58,CHRISTMAS AULD LANG SYNE,Bobby Darin,0,Christmas Auld Lang SyneBobby Darin,1,89.0,51,3,1960,12,24,1960-12-24,1960,-31.0,1960-12-25,1,0,1,True,,1960,2,0,3,24,1,1
42,http://www.billboard.com/charts/hot-100/1960-12-31,12/31/1960,51,CHRISTMAS AULD LANG SYNE,Bobby Darin,0,Christmas Auld Lang SyneBobby Darin,1,58.0,51,3,1960,12,31,1960-12-31,1960,-7.0,1960-12-25,-6,0,0,True,,1960,2,0,3,24,1,1
43,http://www.billboard.com/charts/hot-100/1958-12-20,12/20/1958,57,JINGLE BELL ROCK,Bobby Helms,0,Jingle Bell RockBobby Helms,1,,29,19,1958,12,20,1958-12-20,1958,0.0,1958-12-25,5,57,1,False,,1950,2,0,4,16,0,1
44,http://www.billboard.com/charts/hot-100/1958-12-27,12/27/1958,35,JINGLE BELL ROCK,Bobby Helms,0,Jingle Bell RockBobby Helms,1,57.0,29,19,1958,12,27,1958-12-27,1958,-22.0,1958-12-25,-2,0,0,False,,1950,1,0,4,16,0,1
45,http://www.billboard.com/charts/hot-100/1959-01-03,1959-03-01 00:00:00,45,JINGLE BELL ROCK,Bobby Helms,0,Jingle Bell RockBobby Helms,1,35.0,29,19,1959,1,3,1959-01-03,1958,10.0,1958-12-25,-9,0,0,False,,1950,2,0,4,16,0,1
46,http://www.billboard.com/charts/hot-100/1959-01-10,1959-10-01 00:00:00,70,JINGLE BELL ROCK,Bobby Helms,0,Jingle Bell RockBobby Helms,1,45.0,29,19,1959,1,10,1959-01-10,1958,25.0,1958-12-25,-16,0,0,False,,1950,3,1,4,16,0,1
47,http://www.billboard.com/charts/hot-100/1960-12-10,1960-10-12 00:00:00,69,JINGLE BELL ROCK,Bobby Helms,0,Jingle Bell RockBobby Helms,2,,29,19,1960,12,10,1960-12-10,1960,0.0,1960-12-25,15,69,1,False,,1960,3,1,3,16,0,1
48,http://www.billboard.com/charts/hot-100/1960-12-17,12/17/1960,46,JINGLE BELL ROCK,Bobby Helms,0,Jingle Bell RockBobby Helms,2,69.0,29,19,1960,12,17,1960-12-17,1960,-23.0,1960-12-25,8,0,1,False,,1960,2,0,3,16,0,1
49,http://www.billboard.com/charts/hot-100/1960-12-24,12/24/1960,36,JINGLE BELL ROCK,Bobby Helms,0,Jingle Bell RockBobby Helms,2,46.0,29,19,1960,12,24,1960-12-24,1960,-10.0,1960-12-25,1,0,1,False,,1960,1,0,3,16,0,1
50,http://www.billboard.com/charts/hot-100/1961-12-09,1961-09-12 00:00:00,68,JINGLE BELL ROCK,Bobby Helms,0,Jingle Bell RockBobby Helms,3,,29,19,1961,12,9,1961-12-09,1961,0.0,1961-12-25,16,68,1,False,,1960,3,1,5,16,0,2
51,http://www.billboard.com/charts/hot-100/1961-12-16,12/16/1961,58,JINGLE BELL ROCK,Bobby Helms,0,Jingle Bell RockBobby Helms,3,68.0,29,19,1961,12,16,1961-12-16,1961,-10.0,1961-12-25,9,0,1,False,,1960,2,0,5,16,0,2
52,http://www.billboard.com/charts/hot-100/1961-12-23,12/23/1961,49,JINGLE BELL ROCK,Bobby Helms,0,Jingle Bell RockBobby Helms,3,58.0,29,19,1961,12,23,1961-12-23,1961,-9.0,1961-12-25,2,0,1,False,,1960,2,0,5,16,0,2
53,http://www.billboard.com/charts/hot-100/1961-12-30,12/30/1961,41,JINGLE BELL ROCK,Bobby Helms,0,Jingle Bell RockBobby Helms,3,49.0,29,19,1961,12,30,1961-12-30,1961,-8.0,1961-12-25,-5,0,0,False,,1960,2,0,5,16,0,2
54,http://www.billboard.com/charts/hot-100/1962-01-06,1962-06-01 00:00:00,41,JINGLE BELL ROCK,Bobby Helms,0,Jingle Bell RockBobby Helms,3,49.0,29,19,1962,1,6,1962-01-06,1961,-8.0,1961-12-25,-12,0,0,False,,1960,2,0,5,16,0,2
55,http://www.billboard.com/charts/hot-100/1962-12-08,1962-08-12 00:00:00,99,JINGLE BELL ROCK,Bobby Helms,0,Jingle Bell RockBobby Helms,4,,29,19,1962,12,8,1962-12-08,1962,0.0,1962-12-25,17,99,1,False,,1960,4,1,4,16,0,1
56,http://www.billboard.com/charts/hot-100/1962-12-15,12/15/1962,87,JINGLE BELL ROCK,Bobby Helms,0,Jingle Bell RockBobby Helms,4,99.0,29,19,1962,12,15,1962-12-15,1962,-12.0,1962-12-25,10,0,1,False,,1960,4,1,4,16,0,1
57,http://www.billboard.com/charts/hot-100/1962-12-22,12/22/1962,59,JINGLE BELL ROCK,Bobby Helms,0,Jingle Bell RockBobby Helms,4,87.0,29,19,1962,12,22,1962-12-22,1962,-28.0,1962-12-25,3,0,1,False,,1960,3,1,4,16,0,1
58,http://www.billboard.com/charts/hot-100/1962-12-29,12/29/1962,56,JINGLE BELL ROCK,Bobby Helms,0,Jingle Bell RockBobby Helms,4,59.0,29,19,1962,12,29,1962-12-29,1962,-3.0,1962-12-25,-4,0,0,False,,1960,2,0,4,16,0,1
59,http://www.billboard.com/charts/hot-100/2016-01-09,2016-09-01 00:00:00,47,JINGLE BELL ROCK,Bobby Helms,0,Jingle Bell RockBobby Helms,5,,29,19,2016,1,9,2016-01-09,2015,0.0,2015-12-25,-15,47,0,False,,2010,2,0,1,16,0,0
60,http://www.billboard.com/charts/hot-100/2016-12-24,12/24/2016,35,JINGLE BELL ROCK,Bobby Helms,0,Jingle Bell RockBobby Helms,6,,29,19,2016,12,24,2016-12-24,2016,0.0,2016-12-25,1,35,1,False,,2010,1,0,3,16,0,1
61,http://www.billboard.com/charts/hot-100/2016-12-31,12/31/2016,46,JINGLE BELL ROCK,Bobby Helms,0,Jingle Bell RockBobby Helms,6,35.0,29,19,2016,12,31,2016-12-31,2016,11.0,2016-12-25,-6,0,0,False,,2010,2,0,3,16,0,1
62,http://www.billboard.com/charts/hot-100/2017-01-07,2017-07-01 00:00:00,29,JINGLE BELL ROCK,Bobby Helms,0,Jingle Bell RockBobby Helms,6,46.0,29,19,2017,1,7,2017-01-07,2016,-17.0,2016-12-25,-13,0,0,False,,2010,1,0,3,16,0,1
63,http://www.billboard.com/charts/hot-100/1961-12-09,1961-09-12 00:00:00,71,JINGLE BELL ROCK,Bobby Rydell/Chubby Checker,1,Jingle Bell RockBobby Rydell/Chubby Checker,1,,21,7,1961,12,9,1961-12-09,1961,0.0,1961-12-25,16,71,1,False,,1960,3,1,6,16,0,2
64,http://www.billboard.com/charts/hot-100/1961-12-16,12/16/1961,45,JINGLE BELL ROCK,Bobby Rydell/Chubby Checker,1,Jingle Bell RockBobby Rydell/Chubby Checker,1,71.0,21,7,1961,12,16,1961-12-16,1961,-26.0,1961-12-25,9,0,1,False,,1960,2,0,6,16,0,2
65,http://www.billboard.com/charts/hot-100/1961-12-23,12/23/1961,27,JINGLE BELL ROCK,Bobby Rydell/Chubby Checker,1,Jingle Bell RockBobby Rydell/Chubby Checker,1,45.0,21,7,1961,12,23,1961-12-23,1961,-18.0,1961-12-25,2,0,1,False,,1960,1,0,6,16,0,2
66,http://www.billboard.com/charts/hot-100/1961-12-30,12/30/1961,21,JINGLE BELL ROCK,Bobby Rydell/Chubby Checker,1,Jingle Bell RockBobby Rydell/Chubby Checker,1,27.0,21,7,1961,12,30,1961-12-30,1961,-6.0,1961-12-25,-5,0,0,False,,1960,1,0,6,16,0,2
67,http://www.billboard.com/charts/hot-100/1962-01-06,1962-06-01 00:00:00,21,JINGLE BELL ROCK,Bobby Rydell/Chubby Checker,1,Jingle Bell RockBobby Rydell/Chubby Checker,1,27.0,21,7,1962,1,6,1962-01-06,1961,-6.0,1961-12-25,-12,0,0,False,,1960,1,0,6,16,0,2
68,http://www.billboard.com/charts/hot-100/1962-01-13,1/13/1962,23,JINGLE BELL ROCK,Bobby Rydell/Chubby Checker,1,Jingle Bell RockBobby Rydell/Chubby Checker,1,21.0,21,7,1962,1,13,1962-01-13,1961,2.0,1961-12-25,-19,0,0,False,,1960,1,0,6,16,0,2
69,http://www.billboard.com/charts/hot-100/1962-12-15,12/15/1962,97,JINGLE BELL ROCK,Bobby Rydell/Chubby Checker,1,Jingle Bell RockBobby Rydell/Chubby Checker,2,,21,7,1962,12,15,1962-12-15,1962,0.0,1962-12-25,10,97,1,False,,1960,4,1,2,16,0,1
70,http://www.billboard.com/charts/hot-100/1962-12-22,12/22/1962,92,JINGLE BELL ROCK,Bobby Rydell/Chubby Checker,1,Jingle Bell RockBobby Rydell/Chubby Checker,2,97.0,21,7,1962,12,22,1962-12-22,1962,-5.0,1962-12-25,3,0,1,False,,1960,4,1,2,16,0,1
71,http://www.billboard.com/charts/hot-100/1993-12-11,1993-11-12 00:00:00,66,LET IT SNOW,Boyz II Men,1,Let It SnowBoyz II Men,1,,32,7,1993,12,11,1993-12-11,1993,0.0,1993-12-25,14,66,1,False,,1990,3,1,7,11,0,2
72,http://www.billboard.com/charts/hot-100/1993-12-18,12/18/1993,65,LET IT SNOW,Boyz II Men,1,Let It SnowBoyz II Men,1,66.0,32,7,1993,12,18,1993-12-18,1993,-1.0,1993-12-25,7,0,1,False,,1990,3,1,7,11,0,2
73,http://www.billboard.com/charts/hot-100/1993-12-25,12/25/1993,53,LET IT SNOW,Boyz II Men,1,Let It SnowBoyz II Men,1,65.0,32,7,1993,12,25,1993-12-25,1993,-12.0,1993-12-25,0,0,1,False,,1990,2,0,7,11,0,2
74,http://www.billboard.com/charts/hot-100/1994-01-01,1994-01-01 00:00:00,43,LET IT SNOW,Boyz II Men,1,Let It SnowBoyz II Men,1,53.0,32,7,1994,1,1,1994-01-01,1993,-10.0,1993-12-25,-7,0,0,False,,1990,2,0,7,11,0,2
75,http://www.billboard.com/charts/hot-100/1994-01-08,1994-08-01 00:00:00,32,LET IT SNOW,Boyz II Men,1,Let It SnowBoyz II Men,1,43.0,32,7,1994,1,8,1994-01-08,1993,-11.0,1993-12-25,-14,0,0,False,,1990,1,0,7,11,0,2
76,http://www.billboard.com/charts/hot-100/1994-01-15,1/15/1994,60,LET IT SNOW,Boyz II Men,1,Let It SnowBoyz II Men,1,32.0,32,7,1994,1,15,1994-01-15,1993,28.0,1993-12-25,-21,0,0,False,,1990,3,1,7,11,0,2
77,http://www.billboard.com/charts/hot-100/1994-01-22,1/22/1994,87,LET IT SNOW,Boyz II Men,1,Let It SnowBoyz II Men,1,60.0,32,7,1994,1,22,1994-01-22,1993,27.0,1993-12-25,-28,0,0,False,,1990,4,1,7,11,0,2
78,http://www.billboard.com/charts/hot-100/1960-12-10,1960-10-12 00:00:00,64,ROCKIN' AROUND THE CHRISTMAS TREE,Brenda Lee,0,Rockin' Around The Christmas TreeBrenda Lee,1,,14,18,1960,12,10,1960-12-10,1960,0.0,1960-12-25,15,64,1,True,,1960,3,1,4,33,1,1
79,http://www.billboard.com/charts/hot-100/1960-12-17,12/17/1960,26,ROCKIN' AROUND THE CHRISTMAS TREE,Brenda Lee,0,Rockin' Around The Christmas TreeBrenda Lee,1,64.0,14,18,1960,12,17,1960-12-17,1960,-38.0,1960-12-25,8,0,1,True,,1960,1,0,4,33,1,1
80,http://www.billboard.com/charts/hot-100/1960-12-24,12/24/1960,14,ROCKIN' AROUND THE CHRISTMAS TREE,Brenda Lee,0,Rockin' Around The Christmas TreeBrenda Lee,1,26.0,14,18,1960,12,24,1960-12-24,1960,-12.0,1960-12-25,1,0,1,True,,1960,1,0,4,33,1,1
81,http://www.billboard.com/charts/hot-100/1960-12-31,12/31/1960,18,ROCKIN' AROUND THE CHRISTMAS TREE,Brenda Lee,0,Rockin' Around The Christmas TreeBrenda Lee,1,14.0,14,18,1960,12,31,1960-12-31,1960,4.0,1960-12-25,-6,0,0,True,,1960,1,0,4,33,1,1
82,http://www.billboard.com/charts/hot-100/1961-12-09,1961-09-12 00:00:00,85,ROCKIN' AROUND THE CHRISTMAS TREE,Brenda Lee,0,Rockin' Around The Christmas TreeBrenda Lee,2,,14,18,1961,12,9,1961-12-09,1961,0.0,1961-12-25,16,85,1,True,,1960,4,1,5,33,1,2
83,http://www.billboard.com/charts/hot-100/1961-12-16,12/16/1961,84,ROCKIN' AROUND THE CHRISTMAS TREE,Brenda Lee,0,Rockin' Around The Christmas TreeBrenda Lee,2,85.0,14,18,1961,12,16,1961-12-16,1961,-1.0,1961-12-25,9,0,1,True,,1960,4,1,5,33,1,2
84,http://www.billboard.com/charts/hot-100/1961-12-23,12/23/1961,58,ROCKIN' AROUND THE CHRISTMAS TREE,Brenda Lee,0,Rockin' Around The Christmas TreeBrenda Lee,2,84.0,14,18,1961,12,23,1961-12-23,1961,-26.0,1961-12-25,2,0,1,True,,1960,2,0,5,33,1,2
85,http://www.billboard.com/charts/hot-100/1961-12-30,12/30/1961,50,ROCKIN' AROUND THE CHRISTMAS TREE,Brenda Lee,0,Rockin' Around The Christmas TreeBrenda Lee,2,58.0,14,18,1961,12,30,1961-12-30,1961,-8.0,1961-12-25,-5,0,0,True,,1960,2,0,5,33,1,2
86,http://www.billboard.com/charts/hot-100/1962-01-06,1962-06-01 00:00:00,50,ROCKIN' AROUND THE CHRISTMAS TREE,Brenda Lee,0,Rockin' Around The Christmas TreeBrenda Lee,2,58.0,14,18,1962,1,6,1962-01-06,1961,-8.0,1961-12-25,-12,0,0,True,,1960,2,0,5,33,1,2
87,http://www.billboard.com/charts/hot-100/1962-12-15,12/15/1962,89,ROCKIN' AROUND THE CHRISTMAS TREE,Brenda Lee,0,Rockin' Around The Christmas TreeBrenda Lee,3,,14,18,1962,12,15,1962-12-15,1962,0.0,1962-12-25,10,89,1,True,,1960,4,1,3,33,1,1
88,http://www.billboard.com/charts/hot-100/1962-12-22,12/22/1962,64,ROCKIN' AROUND THE CHRISTMAS TREE,Brenda Lee,0,Rockin' Around The Christmas TreeBrenda Lee,3,89.0,14,18,1962,12,22,1962-12-22,1962,-25.0,1962-12-25,3,0,1,True,,1960,3,1,3,33,1,1
89,http://www.billboard.com/charts/hot-100/1962-12-29,12/29/1962,59,ROCKIN' AROUND THE CHRISTMAS TREE,Brenda Lee,0,Rockin' Around The Christmas TreeBrenda Lee,3,64.0,14,18,1962,12,29,1962-12-29,1962,-5.0,1962-12-25,-4,0,0,True,,1960,3,1,3,33,1,1
90,http://www.billboard.com/charts/hot-100/2014-01-04,2014-04-01 00:00:00,50,ROCKIN' AROUND THE CHRISTMAS TREE,Brenda Lee,0,Rockin' Around The Christmas TreeBrenda Lee,4,,14,18,2014,1,4,2014-01-04,2013,0.0,2013-12-25,-10,50,0,True,,2010,2,0,1,33,1,0
91,http://www.billboard.com/charts/hot-100/2015-12-26,12/26/2015,44,ROCKIN' AROUND THE CHRISTMAS TREE,Brenda Lee,0,Rockin' Around The Christmas TreeBrenda Lee,5,,14,18,2015,12,26,2015-12-26,2015,0.0,2015-12-25,-1,44,0,True,,2010,2,0,3,33,1,1
92,http://www.billboard.com/charts/hot-100/2016-01-02,2016-02-01 00:00:00,38,ROCKIN' AROUND THE CHRISTMAS TREE,Brenda Lee,0,Rockin' Around The Christmas TreeBrenda Lee,5,44.0,14,18,2016,1,2,2016-01-02,2015,-6.0,2015-12-25,-8,0,0,True,,2010,1,0,3,33,1,1
93,http://www.billboard.com/charts/hot-100/2016-01-09,2016-09-01 00:00:00,30,ROCKIN' AROUND THE CHRISTMAS TREE,Brenda Lee,0,Rockin' Around The Christmas TreeBrenda Lee,5,38.0,14,18,2016,1,9,2016-01-09,2015,-8.0,2015-12-25,-15,0,0,True,,2010,1,0,3,33,1,1
94,http://www.billboard.com/charts/hot-100/2016-12-24,12/24/2016,37,ROCKIN' AROUND THE CHRISTMAS TREE,Brenda Lee,0,Rockin' Around The Christmas TreeBrenda Lee,6,,14,18,2016,12,24,2016-12-24,2016,0.0,2016-12-25,1,37,1,True,,2010,1,0,3,33,1,1
95,http://www.billboard.com/charts/hot-100/2016-12-31,12/31/2016,48,ROCKIN' AROUND THE CHRISTMAS TREE,Brenda Lee,0,Rockin' Around The Christmas TreeBrenda Lee,6,37.0,14,18,2016,12,31,2016-12-31,2016,11.0,2016-12-25,-6,0,0,True,,2010,2,0,3,33,1,1
96,http://www.billboard.com/charts/hot-100/2017-01-07,2017-07-01 00:00:00,27,ROCKIN' AROUND THE CHRISTMAS TREE,Brenda Lee,0,Rockin' Around The Christmas TreeBrenda Lee,6,48.0,14,18,2017,1,7,2017-01-07,2016,-21.0,2016-12-25,-13,0,0,True,,2010,1,0,3,33,1,1
97,http://www.billboard.com/charts/hot-100/1959-12-19,12/19/1959,96,THIS TIME OF THE YEAR,Brook Benton,0,This Time Of The YearBrook Benton,1,,66,5,1959,12,19,1959-12-19,1959,0.0,1959-12-25,6,96,1,False,,1950,4,1,5,21,0,2
98,http://www.billboard.com/charts/hot-100/1959-12-26,12/26/1959,77,THIS TIME OF THE YEAR,Brook Benton,0,This Time Of The YearBrook Benton,1,96.0,66,5,1959,12,26,1959-12-26,1959,-19.0,1959-12-25,-1,0,0,False,,1950,3,1,5,21,0,2
99,http://www.billboard.com/charts/hot-100/1960-01-02,1960-02-01 00:00:00,75,THIS TIME OF THE YEAR,Brook Benton,0,This Time Of The YearBrook Benton,1,77.0,66,5,1960,1,2,1960-01-02,1959,-2.0,1959-12-25,-8,0,0,False,,1960,3,1,5,21,0,2
100,http://www.billboard.com/charts/hot-100/1960-01-09,1960-09-01 00:00:00,70,THIS TIME OF THE YEAR,Brook Benton,0,This Time Of The YearBrook Benton,1,75.0,66,5,1960,1,9,1960-01-09,1959,-5.0,1959-12-25,-15,0,0,False,,1960,3,1,5,21,0,2
101,http://www.billboard.com/charts/hot-100/1960-01-16,1/16/1960,66,THIS TIME OF THE YEAR,Brook Benton,0,This Time Of The YearBrook Benton,1,70.0,66,5,1960,1,16,1960-01-16,1959,-4.0,1959-12-25,-22,0,0,False,,1960,3,1,5,21,0,2
102,http://www.billboard.com/charts/hot-100/2005-12-24,12/24/2005,97,BELIEVE,Brooks & Dunn,1,BelieveBrooks & Dunn,1,,60,20,2005,12,24,2005-12-24,2005,0.0,2005-12-25,1,97,1,False,,2000,4,1,5,7,0,2
103,http://www.billboard.com/charts/hot-100/2005-12-31,12/31/2005,95,BELIEVE,Brooks & Dunn,1,BelieveBrooks & Dunn,1,97.0,60,20,2005,12,31,2005-12-31,2005,-2.0,2005-12-25,-6,0,0,False,,2000,4,1,5,7,0,2
104,http://www.billboard.com/charts/hot-100/2006-01-07,2006-07-01 00:00:00,91,BELIEVE,Brooks & Dunn,1,BelieveBrooks & Dunn,1,95.0,60,20,2006,1,7,2006-01-07,2005,-4.0,2005-12-25,-13,0,0,False,,2000,4,1,5,7,0,2
105,http://www.billboard.com/charts/hot-100/2006-01-21,1/21/2006,90,BELIEVE,Brooks & Dunn,1,BelieveBrooks & Dunn,2,,60,20,2006,1,21,2006-01-21,2005,0.0,2005-12-25,-27,90,0,False,,2000,4,1,5,7,0,2
106,http://www.billboard.com/charts/hot-100/2006-01-28,1/28/2006,86,BELIEVE,Brooks & Dunn,1,BelieveBrooks & Dunn,2,90.0,60,20,2006,1,28,2006-01-28,2005,-4.0,2005-12-25,-34,0,0,False,,2000,4,1,5,7,0,2
107,http://www.billboard.com/charts/hot-100/2017-01-07,2017-07-01 00:00:00,46,A HOLLY JOLLY CHRISTMAS,Burl Ives,0,A Holly Jolly ChristmasBurl Ives,1,,46,1,2017,1,7,2017-01-07,2016,0.0,2016-12-25,-13,46,0,True,,2010,2,0,1,23,1,0
108,http://www.billboard.com/charts/hot-100/1961-12-23,12/23/1961,85,PLEASE COME HOME FOR CHRISTMAS,Charles Brown,0,Please Come Home For ChristmasCharles Brown,1,,76,2,1961,12,23,1961-12-23,1961,0.0,1961-12-25,2,85,1,True,,1960,4,1,3,30,1,1
109,http://www.billboard.com/charts/hot-100/1961-12-30,12/30/1961,76,PLEASE COME HOME FOR CHRISTMAS,Charles Brown,0,Please Come Home For ChristmasCharles Brown,1,85.0,76,2,1961,12,30,1961-12-30,1961,-9.0,1961-12-25,-5,0,0,True,,1960,3,1,3,30,1,1
110,http://www.billboard.com/charts/hot-100/1962-01-06,1962-06-01 00:00:00,76,PLEASE COME HOME FOR CHRISTMAS,Charles Brown,0,Please Come Home For ChristmasCharles Brown,1,85.0,76,2,1962,1,6,1962-01-06,1961,-9.0,1961-12-25,-12,0,0,True,,1960,3,1,3,30,1,1
111,http://www.billboard.com/charts/hot-100/2007-12-08,2007-08-12 00:00:00,89,THIS CHRISTMAS,Chris Brown,0,This ChristmasChris Brown,1,,62,5,2007,12,8,2007-12-08,2007,0.0,2007-12-25,17,89,1,True,,2000,4,1,5,14,1,2
112,http://www.billboard.com/charts/hot-100/2007-12-15,12/15/2007,80,THIS CHRISTMAS,Chris Brown,0,This ChristmasChris Brown,1,89.0,62,5,2007,12,15,2007-12-15,2007,-9.0,2007-12-25,10,0,1,True,,2000,4,1,5,14,1,2
113,http://www.billboard.com/charts/hot-100/2007-12-22,12/22/2007,96,THIS CHRISTMAS,Chris Brown,0,This ChristmasChris Brown,1,80.0,62,5,2007,12,22,2007-12-22,2007,16.0,2007-12-25,3,0,1,True,,2000,4,1,5,14,1,2
114,http://www.billboard.com/charts/hot-100/2007-12-29,12/29/2007,74,THIS CHRISTMAS,Chris Brown,0,This ChristmasChris Brown,1,96.0,62,5,2007,12,29,2007-12-29,2007,-22.0,2007-12-25,-4,0,0,True,,2000,3,1,5,14,1,2
115,http://www.billboard.com/charts/hot-100/2008-01-05,2008-05-01 00:00:00,62,THIS CHRISTMAS,Chris Brown,0,This ChristmasChris Brown,1,74.0,62,5,2008,1,5,2008-01-05,2007,-12.0,2007-12-25,-11,0,0,True,,2000,3,1,5,14,1,2
116,http://www.billboard.com/charts/hot-100/1958-12-13,12/13/1958,83,RUN RUDOLPH RUN,Chuck Berry,0,Run Rudolph RunChuck Berry,1,,69,3,1958,12,13,1958-12-13,1958,0.0,1958-12-25,12,83,1,False,,1950,4,1,3,15,0,1
117,http://www.billboard.com/charts/hot-100/1958-12-20,12/20/1958,73,RUN RUDOLPH RUN,Chuck Berry,0,Run Rudolph RunChuck Berry,1,83.0,69,3,1958,12,20,1958-12-20,1958,-10.0,1958-12-25,5,0,1,False,,1950,3,1,3,15,0,1
118,http://www.billboard.com/charts/hot-100/1958-12-27,12/27/1958,69,RUN RUDOLPH RUN,Chuck Berry,0,Run Rudolph RunChuck Berry,1,73.0,69,3,1958,12,27,1958-12-27,1958,-4.0,1958-12-25,-2,0,0,False,,1950,3,1,3,15,0,1
119,http://www.billboard.com/charts/hot-100/2007-12-08,2007-08-12 00:00:00,86,MISTLETOE,Colbie Caillat,0,MistletoeColbie Caillat,1,,75,4,2007,12,8,2007-12-08,2007,0.0,2007-12-25,17,86,1,False,,2000,4,1,4,9,0,1
120,http://www.billboard.com/charts/hot-100/2007-12-15,12/15/2007,75,MISTLETOE,Colbie Caillat,0,MistletoeColbie Caillat,1,86.0,75,4,2007,12,15,2007-12-15,2007,-11.0,2007-12-25,10,0,1,False,,2000,3,1,4,9,0,1
121,http://www.billboard.com/charts/hot-100/2007-12-22,12/22/2007,87,MISTLETOE,Colbie Caillat,0,MistletoeColbie Caillat,1,75.0,75,4,2007,12,22,2007-12-22,2007,12.0,2007-12-25,3,0,1,False,,2000,4,1,4,9,0,1
122,http://www.billboard.com/charts/hot-100/2007-12-29,12/29/2007,99,MISTLETOE,Colbie Caillat,0,MistletoeColbie Caillat,1,87.0,75,4,2007,12,29,2007-12-29,2007,12.0,2007-12-25,-4,0,0,False,,2000,4,1,4,9,0,1
123,http://www.billboard.com/charts/hot-100/2010-12-18,12/18/2010,25,CHRISTMAS LIGHTS,Coldplay,1,Christmas LightsColdplay,1,,25,3,2010,12,18,2010-12-18,2010,0.0,2010-12-25,7,25,1,True,,2010,1,0,3,16,1,1
124,http://www.billboard.com/charts/hot-100/2010-12-25,12/25/2010,35,CHRISTMAS LIGHTS,Coldplay,1,Christmas LightsColdplay,1,25.0,25,3,2010,12,25,2010-12-25,2010,10.0,2010-12-25,0,0,1,True,,2010,1,0,3,16,1,1
125,http://www.billboard.com/charts/hot-100/2011-01-01,2011-01-01 00:00:00,83,CHRISTMAS LIGHTS,Coldplay,1,Christmas LightsColdplay,1,35.0,25,3,2011,1,1,2011-01-01,2010,48.0,2010-12-25,-7,0,0,True,,2010,4,1,3,16,1,1
126,http://www.billboard.com/charts/hot-100/1961-12-09,1961-09-12 00:00:00,73,BABY'S FIRST CHRISTMAS,Connie Francis,0,Baby's First ChristmasConnie Francis,1,,26,5,1961,12,9,1961-12-09,1961,0.0,1961-12-25,16,73,1,True,,1960,3,1,6,22,1,2
127,http://www.billboard.com/charts/hot-100/1961-12-16,12/16/1961,54,BABY'S FIRST CHRISTMAS,Connie Francis,0,Baby's First ChristmasConnie Francis,1,73.0,26,5,1961,12,16,1961-12-16,1961,-19.0,1961-12-25,9,0,1,True,,1960,2,0,6,22,1,2
128,http://www.billboard.com/charts/hot-100/1961-12-23,12/23/1961,43,BABY'S FIRST CHRISTMAS,Connie Francis,0,Baby's First ChristmasConnie Francis,1,54.0,26,5,1961,12,23,1961-12-23,1961,-11.0,1961-12-25,2,0,1,True,,1960,2,0,6,22,1,2
129,http://www.billboard.com/charts/hot-100/1961-12-30,12/30/1961,26,BABY'S FIRST CHRISTMAS,Connie Francis,0,Baby's First ChristmasConnie Francis,1,43.0,26,5,1961,12,30,1961-12-30,1961,-17.0,1961-12-25,-5,0,0,True,,1960,1,0,6,22,1,2
130,http://www.billboard.com/charts/hot-100/1962-01-06,1962-06-01 00:00:00,26,BABY'S FIRST CHRISTMAS,Connie Francis,0,Baby's First ChristmasConnie Francis,1,43.0,26,5,1962,1,6,1962-01-06,1961,-17.0,1961-12-25,-12,0,0,True,,1960,1,0,6,22,1,2
131,http://www.billboard.com/charts/hot-100/1962-01-13,1/13/1962,71,BABY'S FIRST CHRISTMAS,Connie Francis,0,Baby's First ChristmasConnie Francis,1,26.0,26,5,1962,1,13,1962-01-13,1961,45.0,1961-12-25,-19,0,0,True,,1960,3,1,6,22,1,2
132,http://www.billboard.com/charts/hot-100/1980-12-13,12/13/1980,75,SAME OLD LANG SYNE,Dan Fogelberg,0,Same Old Lang SyneDan Fogelberg,1,,9,18,1980,12,13,1980-12-13,1980,0.0,1980-12-25,12,75,1,False,,1980,3,1,8,18,0,2
133,http://www.billboard.com/charts/hot-100/1980-12-20,12/20/1980,59,SAME OLD LANG SYNE,Dan Fogelberg,0,Same Old Lang SyneDan Fogelberg,1,75.0,9,18,1980,12,20,1980-12-20,1980,-16.0,1980-12-25,5,0,1,False,,1980,3,1,8,18,0,2
134,http://www.billboard.com/charts/hot-100/1980-12-27,12/27/1980,37,SAME OLD LANG SYNE,Dan Fogelberg,0,Same Old Lang SyneDan Fogelberg,1,59.0,9,18,1980,12,27,1980-12-27,1980,-22.0,1980-12-25,-2,0,0,False,,1980,1,0,8,18,0,2
135,http://www.billboard.com/charts/hot-100/1981-01-03,1981-03-01 00:00:00,37,SAME OLD LANG SYNE,Dan Fogelberg,0,Same Old Lang SyneDan Fogelberg,1,37.0,9,18,1981,1,3,1981-01-03,1980,0.0,1980-12-25,-9,0,0,False,,1980,1,0,8,18,0,2
136,http://www.billboard.com/charts/hot-100/1981-01-10,1981-10-01 00:00:00,31,SAME OLD LANG SYNE,Dan Fogelberg,0,Same Old Lang SyneDan Fogelberg,1,37.0,9,18,1981,1,10,1981-01-10,1980,-6.0,1980-12-25,-16,0,0,False,,1980,1,0,8,18,0,2
137,http://www.billboard.com/charts/hot-100/1981-01-17,1/17/1981,26,SAME OLD LANG SYNE,Dan Fogelberg,0,Same Old Lang SyneDan Fogelberg,1,31.0,9,18,1981,1,17,1981-01-17,1980,-5.0,1980-12-25,-23,0,0,False,,1980,1,0,8,18,0,2
138,http://www.billboard.com/charts/hot-100/1981-01-24,1/24/1981,19,SAME OLD LANG SYNE,Dan Fogelberg,0,Same Old Lang SyneDan Fogelberg,1,26.0,9,18,1981,1,24,1981-01-24,1980,-7.0,1980-12-25,-30,0,0,False,,1980,1,0,8,18,0,2
139,http://www.billboard.com/charts/hot-100/1981-01-31,1/31/1981,14,SAME OLD LANG SYNE,Dan Fogelberg,0,Same Old Lang SyneDan Fogelberg,1,19.0,9,18,1981,1,31,1981-01-31,1980,-5.0,1980-12-25,-37,0,0,False,,1980,1,0,8,18,0,2
140,http://www.billboard.com/charts/hot-100/1959-12-05,1959-05-12 00:00:00,83,THE HAPPY REINDEER,"Dancer, Prancer And Nervous",1,"The Happy ReindeerDancer, Prancer And Nervous",1,,34,6,1959,12,5,1959-12-05,1959,0.0,1959-12-25,20,83,1,False,,1950,4,1,6,18,0,2
141,http://www.billboard.com/charts/hot-100/1959-12-12,1959-12-12 00:00:00,80,THE HAPPY REINDEER,"Dancer, Prancer And Nervous",1,"The Happy ReindeerDancer, Prancer And Nervous",1,83.0,34,6,1959,12,12,1959-12-12,1959,-3.0,1959-12-25,13,0,1,False,,1950,4,1,6,18,0,2
142,http://www.billboard.com/charts/hot-100/1959-12-19,12/19/1959,76,THE HAPPY REINDEER,"Dancer, Prancer And Nervous",1,"The Happy ReindeerDancer, Prancer And Nervous",1,80.0,34,6,1959,12,19,1959-12-19,1959,-4.0,1959-12-25,6,0,1,False,,1950,3,1,6,18,0,2
143,http://www.billboard.com/charts/hot-100/1959-12-26,12/26/1959,34,THE HAPPY REINDEER,"Dancer, Prancer And Nervous",1,"The Happy ReindeerDancer, Prancer And Nervous",1,76.0,34,6,1959,12,26,1959-12-26,1959,-42.0,1959-12-25,-1,0,0,False,,1950,1,0,6,18,0,2
144,http://www.billboard.com/charts/hot-100/1960-01-02,1960-02-01 00:00:00,45,THE HAPPY REINDEER,"Dancer, Prancer And Nervous",1,"The Happy ReindeerDancer, Prancer And Nervous",1,34.0,34,6,1960,1,2,1960-01-02,1959,11.0,1959-12-25,-8,0,0,False,,1960,2,0,6,18,0,2
145,http://www.billboard.com/charts/hot-100/1960-01-09,1960-09-01 00:00:00,93,THE HAPPY REINDEER,"Dancer, Prancer And Nervous",1,"The Happy ReindeerDancer, Prancer And Nervous",1,45.0,34,6,1960,1,9,1960-01-09,1959,48.0,1959-12-25,-15,0,0,False,,1960,4,1,6,18,0,2
146,http://www.billboard.com/charts/hot-100/1959-12-12,1959-12-12 00:00:00,89,THE CHIPMUNK SONG (CHRISTMAS DON'T BE LATE),David Seville And The Chipmunks,1,The Chipmunk Song (Christmas Don't Be Late)David Seville And The Chipmunks,1,,39,15,1959,12,12,1959-12-12,1959,0.0,1959-12-25,13,89,1,True,,1950,4,1,5,43,1,2
147,http://www.billboard.com/charts/hot-100/1959-12-19,12/19/1959,68,THE CHIPMUNK SONG (CHRISTMAS DON'T BE LATE),David Seville And The Chipmunks,1,The Chipmunk Song (Christmas Don't Be Late)David Seville And The Chipmunks,1,89.0,39,15,1959,12,19,1959-12-19,1959,-21.0,1959-12-25,6,0,1,True,,1950,3,1,5,43,1,2
148,http://www.billboard.com/charts/hot-100/1959-12-26,12/26/1959,41,THE CHIPMUNK SONG (CHRISTMAS DON'T BE LATE),David Seville And The Chipmunks,1,The Chipmunk Song (Christmas Don't Be Late)David Seville And The Chipmunks,1,68.0,39,15,1959,12,26,1959-12-26,1959,-27.0,1959-12-25,-1,0,0,True,,1950,2,0,5,43,1,2
149,http://www.billboard.com/charts/hot-100/1960-01-02,1960-02-01 00:00:00,61,THE CHIPMUNK SONG (CHRISTMAS DON'T BE LATE),David Seville And The Chipmunks,1,The Chipmunk Song (Christmas Don't Be Late)David Seville And The Chipmunks,1,41.0,39,15,1960,1,2,1960-01-02,1959,20.0,1959-12-25,-8,0,0,True,,1960,3,1,5,43,1,2
150,http://www.billboard.com/charts/hot-100/1960-01-09,1960-09-01 00:00:00,62,THE CHIPMUNK SONG (CHRISTMAS DON'T BE LATE),David Seville And The Chipmunks,1,The Chipmunk Song (Christmas Don't Be Late)David Seville And The Chipmunks,1,61.0,39,15,1960,1,9,1960-01-09,1959,1.0,1959-12-25,-15,0,0,True,,1960,3,1,5,43,1,2
151,http://www.billboard.com/charts/hot-100/1960-12-10,1960-10-12 00:00:00,66,THE CHIPMUNK SONG (CHRISTMAS DON'T BE LATE),David Seville And The Chipmunks,1,The Chipmunk Song (Christmas Don't Be Late)David Seville And The Chipmunks,2,,39,15,1960,12,10,1960-12-10,1960,0.0,1960-12-25,15,66,1,True,,1960,3,1,3,43,1,1
152,http://www.billboard.com/charts/hot-100/1960-12-17,12/17/1960,45,THE CHIPMUNK SONG (CHRISTMAS DON'T BE LATE),David Seville And The Chipmunks,1,The Chipmunk Song (Christmas Don't Be Late)David Seville And The Chipmunks,2,66.0,39,15,1960,12,17,1960-12-17,1960,-21.0,1960-12-25,8,0,1,True,,1960,2,0,3,43,1,1
153,http://www.billboard.com/charts/hot-100/1960-12-24,12/24/1960,60,THE CHIPMUNK SONG (CHRISTMAS DON'T BE LATE),David Seville And The Chipmunks,1,The Chipmunk Song (Christmas Don't Be Late)David Seville And The Chipmunks,2,45.0,39,15,1960,12,24,1960-12-24,1960,15.0,1960-12-25,1,0,1,True,,1960,3,1,3,43,1,1
154,http://www.billboard.com/charts/hot-100/1961-12-16,12/16/1961,63,THE CHIPMUNK SONG (CHRISTMAS DON'T BE LATE),David Seville And The Chipmunks,1,The Chipmunk Song (Christmas Don't Be Late)David Seville And The Chipmunks,3,,39,15,1961,12,16,1961-12-16,1961,0.0,1961-12-25,9,63,1,True,,1960,3,1,4,43,1,1
155,http://www.billboard.com/charts/hot-100/1961-12-23,12/23/1961,47,THE CHIPMUNK SONG (CHRISTMAS DON'T BE LATE),David Seville And The Chipmunks,1,The Chipmunk Song (Christmas Don't Be Late)David Seville And The Chipmunks,3,63.0,39,15,1961,12,23,1961-12-23,1961,-16.0,1961-12-25,2,0,1,True,,1960,2,0,4,43,1,1
156,http://www.billboard.com/charts/hot-100/1961-12-30,12/30/1961,39,THE CHIPMUNK SONG (CHRISTMAS DON'T BE LATE),David Seville And The Chipmunks,1,The Chipmunk Song (Christmas Don't Be Late)David Seville And The Chipmunks,3,47.0,39,15,1961,12,30,1961-12-30,1961,-8.0,1961-12-25,-5,0,0,True,,1960,2,0,4,43,1,1
157,http://www.billboard.com/charts/hot-100/1962-01-06,1962-06-01 00:00:00,39,THE CHIPMUNK SONG (CHRISTMAS DON'T BE LATE),David Seville And The Chipmunks,1,The Chipmunk Song (Christmas Don't Be Late)David Seville And The Chipmunks,3,47.0,39,15,1962,1,6,1962-01-06,1961,-8.0,1961-12-25,-12,0,0,True,,1960,2,0,4,43,1,1
158,http://www.billboard.com/charts/hot-100/1962-12-08,1962-08-12 00:00:00,92,THE CHIPMUNK SONG (CHRISTMAS DON'T BE LATE),David Seville And The Chipmunks,1,The Chipmunk Song (Christmas Don't Be Late)David Seville And The Chipmunks,4,,39,15,1962,12,8,1962-12-08,1962,0.0,1962-12-25,17,92,1,True,,1960,4,1,4,43,1,1
159,http://www.billboard.com/charts/hot-100/1962-12-15,12/15/1962,59,THE CHIPMUNK SONG (CHRISTMAS DON'T BE LATE),David Seville And The Chipmunks,1,The Chipmunk Song (Christmas Don't Be Late)David Seville And The Chipmunks,4,92.0,39,15,1962,12,15,1962-12-15,1962,-33.0,1962-12-25,10,0,1,True,,1960,3,1,4,43,1,1
160,http://www.billboard.com/charts/hot-100/1962-12-22,12/22/1962,47,THE CHIPMUNK SONG (CHRISTMAS DON'T BE LATE),David Seville And The Chipmunks,1,The Chipmunk Song (Christmas Don't Be Late)David Seville And The Chipmunks,4,59.0,39,15,1962,12,22,1962-12-22,1962,-12.0,1962-12-25,3,0,1,True,,1960,2,0,4,43,1,1
161,http://www.billboard.com/charts/hot-100/1962-12-29,12/29/1962,40,THE CHIPMUNK SONG (CHRISTMAS DON'T BE LATE),David Seville And The Chipmunks,1,The Chipmunk Song (Christmas Don't Be Late)David Seville And The Chipmunks,4,47.0,39,15,1962,12,29,1962-12-29,1962,-7.0,1962-12-25,-4,0,0,True,,1960,2,0,4,43,1,1
162,http://www.billboard.com/charts/hot-100/1978-12-09,1978-09-12 00:00:00,78,PLEASE COME HOME FOR CHRISTMAS,Eagles,1,Please Come Home For ChristmasEagles,1,,18,8,1978,12,9,1978-12-09,1978,0.0,1978-12-25,16,78,1,True,,1970,3,1,8,30,1,2
163,http://www.billboard.com/charts/hot-100/1978-12-16,12/16/1978,45,PLEASE COME HOME FOR CHRISTMAS,Eagles,1,Please Come Home For ChristmasEagles,1,78.0,18,8,1978,12,16,1978-12-16,1978,-33.0,1978-12-25,9,0,1,True,,1970,2,0,8,30,1,2
164,http://www.billboard.com/charts/hot-100/1978-12-23,12/23/1978,20,PLEASE COME HOME FOR CHRISTMAS,Eagles,1,Please Come Home For ChristmasEagles,1,45.0,18,8,1978,12,23,1978-12-23,1978,-25.0,1978-12-25,2,0,1,True,,1970,1,0,8,30,1,2
165,http://www.billboard.com/charts/hot-100/1978-12-30,12/30/1978,20,PLEASE COME HOME FOR CHRISTMAS,Eagles,1,Please Come Home For ChristmasEagles,1,20.0,18,8,1978,12,30,1978-12-30,1978,0.0,1978-12-25,-5,0,0,True,,1970,1,0,8,30,1,2
166,http://www.billboard.com/charts/hot-100/1979-01-06,1979-06-01 00:00:00,18,PLEASE COME HOME FOR CHRISTMAS,Eagles,1,Please Come Home For ChristmasEagles,1,20.0,18,8,1979,1,6,1979-01-06,1978,-2.0,1978-12-25,-12,0,0,True,,1970,1,0,8,30,1,2
167,http://www.billboard.com/charts/hot-100/1979-01-13,1/13/1979,18,PLEASE COME HOME FOR CHRISTMAS,Eagles,1,Please Come Home For ChristmasEagles,1,18.0,18,8,1979,1,13,1979-01-13,1978,0.0,1978-12-25,-19,0,0,True,,1970,1,0,8,30,1,2
168,http://www.billboard.com/charts/hot-100/1979-01-20,1/20/1979,26,PLEASE COME HOME FOR CHRISTMAS,Eagles,1,Please Come Home For ChristmasEagles,1,18.0,18,8,1979,1,20,1979-01-20,1978,8.0,1978-12-25,-26,0,0,True,,1970,1,0,8,30,1,2
169,http://www.billboard.com/charts/hot-100/1979-01-27,1/27/1979,51,PLEASE COME HOME FOR CHRISTMAS,Eagles,1,Please Come Home For ChristmasEagles,1,26.0,18,8,1979,1,27,1979-01-27,1978,25.0,1978-12-25,-33,0,0,True,,1970,2,0,8,30,1,2
170,http://www.billboard.com/charts/hot-100/1998-01-10,1998-10-01 00:00:00,87,GRANDMA GOT RUN OVER BY A REINDEER,Elmo & Patsy,1,Grandma Got Run Over By A ReindeerElmo & Patsy,1,,87,1,1998,1,10,1998-01-10,1997,0.0,1997-12-25,-16,87,0,False,,1990,4,1,1,34,0,0
171,http://www.billboard.com/charts/hot-100/1969-12-06,1969-06-12 00:00:00,84,WINTER WORLD OF LOVE,Engelbert Humperdinck,0,Winter World Of LoveEngelbert Humperdinck,1,,16,12,1969,12,6,1969-12-06,1969,0.0,1969-12-25,19,84,1,False,,1960,4,1,9,20,0,2
172,http://www.billboard.com/charts/hot-100/1969-12-13,12/13/1969,71,WINTER WORLD OF LOVE,Engelbert Humperdinck,0,Winter World Of LoveEngelbert Humperdinck,1,84.0,16,12,1969,12,13,1969-12-13,1969,-13.0,1969-12-25,12,0,1,False,,1960,3,1,9,20,0,2
173,http://www.billboard.com/charts/hot-100/1969-12-20,12/20/1969,48,WINTER WORLD OF LOVE,Engelbert Humperdinck,0,Winter World Of LoveEngelbert Humperdinck,1,71.0,16,12,1969,12,20,1969-12-20,1969,-23.0,1969-12-25,5,0,1,False,,1960,2,0,9,20,0,2
174,http://www.billboard.com/charts/hot-100/1969-12-27,12/27/1969,41,WINTER WORLD OF LOVE,Engelbert Humperdinck,0,Winter World Of LoveEngelbert Humperdinck,1,48.0,16,12,1969,12,27,1969-12-27,1969,-7.0,1969-12-25,-2,0,0,False,,1960,2,0,9,20,0,2
175,http://www.billboard.com/charts/hot-100/1970-01-03,1970-03-01 00:00:00,35,WINTER WORLD OF LOVE,Engelbert Humperdinck,0,Winter World Of LoveEngelbert Humperdinck,1,41.0,16,12,1970,1,3,1970-01-03,1969,-6.0,1969-12-25,-9,0,0,False,,1970,1,0,9,20,0,2
176,http://www.billboard.com/charts/hot-100/1970-01-10,1970-10-01 00:00:00,31,WINTER WORLD OF LOVE,Engelbert Humperdinck,0,Winter World Of LoveEngelbert Humperdinck,1,35.0,16,12,1970,1,10,1970-01-10,1969,-4.0,1969-12-25,-16,0,0,False,,1970,1,0,9,20,0,2
177,http://www.billboard.com/charts/hot-100/1970-01-17,1/17/1970,23,WINTER WORLD OF LOVE,Engelbert Humperdinck,0,Winter World Of LoveEngelbert Humperdinck,1,31.0,16,12,1970,1,17,1970-01-17,1969,-8.0,1969-12-25,-23,0,0,False,,1970,1,0,9,20,0,2
178,http://www.billboard.com/charts/hot-100/1970-01-24,1/24/1970,17,WINTER WORLD OF LOVE,Engelbert Humperdinck,0,Winter World Of LoveEngelbert Humperdinck,1,23.0,16,12,1970,1,24,1970-01-24,1969,-6.0,1969-12-25,-30,0,0,False,,1970,1,0,9,20,0,2
179,http://www.billboard.com/charts/hot-100/1970-01-31,1/31/1970,16,WINTER WORLD OF LOVE,Engelbert Humperdinck,0,Winter World Of LoveEngelbert Humperdinck,1,17.0,16,12,1970,1,31,1970-01-31,1969,-1.0,1969-12-25,-37,0,0,False,,1970,1,0,9,20,0,2
180,http://www.billboard.com/charts/hot-100/2001-01-06,2001-06-01 00:00:00,65,WHERE ARE YOU CHRISTMAS?,Faith Hill,1,Where Are You Christmas?Faith Hill,1,,65,1,2001,1,6,2001-01-06,2000,0.0,2000-12-25,-12,65,0,True,,2000,3,1,1,24,1,0
181,http://www.billboard.com/charts/hot-100/2009-12-19,12/19/2009,63,LAST CHRISTMAS,Glee Cast,0,Last ChristmasGlee Cast,1,,63,2,2009,12,19,2009-12-19,2009,0.0,2009-12-25,6,63,1,True,,2000,3,1,2,14,1,1
182,http://www.billboard.com/charts/hot-100/2009-12-26,12/26/2009,89,LAST CHRISTMAS,Glee Cast,0,Last ChristmasGlee Cast,1,63.0,63,2,2009,12,26,2009-12-26,2009,26.0,2009-12-25,-1,0,0,True,,2000,4,1,2,14,1,1
183,http://www.billboard.com/charts/hot-100/2010-12-25,12/25/2010,59,WELCOME CHRISTMAS,Glee Cast,0,Welcome ChristmasGlee Cast,1,,59,1,2010,12,25,2010-12-25,2010,0.0,2010-12-25,0,59,1,True,,2010,3,1,1,17,1,0
184,http://www.billboard.com/charts/hot-100/2010-12-25,12/25/2010,57,"BABY, IT'S COLD OUTSIDE",Glee Cast,0,"Baby, It's Cold OutsideGlee Cast",1,,57,2,2010,12,25,2010-12-25,2010,0.0,2010-12-25,0,57,1,False,,2010,2,0,2,23,0,1
185,http://www.billboard.com/charts/hot-100/2011-01-01,2011-01-01 00:00:00,99,"BABY, IT'S COLD OUTSIDE",Glee Cast,0,"Baby, It's Cold OutsideGlee Cast",1,57.0,57,2,2011,1,1,2011-01-01,2010,42.0,2010-12-25,-7,0,0,False,,2010,4,1,2,23,0,1
186,http://www.billboard.com/charts/hot-100/2011-12-31,12/31/2011,92,DO THEY KNOW IT'S CHRISTMAS?,Glee Cast,0,Do They Know It's Christmas?Glee Cast,1,,92,1,2011,12,31,2011-12-31,2011,0.0,2011-12-25,-6,92,0,True,,2010,4,1,1,28,1,0
187,http://www.billboard.com/charts/hot-100/2005-11-05,2005-05-11 00:00:00,92,BETTER DAYS,Goo Goo Dolls,1,Better DaysGoo Goo Dolls,1,83.0,36,20,2005,11,5,2005-11-05,2005,9.0,2005-12-25,50,0,1,False,,2000,4,1,13,11,0,2
188,http://www.billboard.com/charts/hot-100/2005-11-12,2005-12-11 00:00:00,77,BETTER DAYS,Goo Goo Dolls,1,Better DaysGoo Goo Dolls,1,92.0,36,20,2005,11,12,2005-11-12,2005,-15.0,2005-12-25,43,0,1,False,,2000,3,1,13,11,0,2
189,http://www.billboard.com/charts/hot-100/2005-11-19,11/19/2005,71,BETTER DAYS,Goo Goo Dolls,1,Better DaysGoo Goo Dolls,1,77.0,36,20,2005,11,19,2005-11-19,2005,-6.0,2005-12-25,36,0,1,False,,2000,3,1,13,11,0,2
190,http://www.billboard.com/charts/hot-100/2005-11-26,11/26/2005,67,BETTER DAYS,Goo Goo Dolls,1,Better DaysGoo Goo Dolls,1,71.0,36,20,2005,11,26,2005-11-26,2005,-4.0,2005-12-25,29,0,1,False,,2000,3,1,13,11,0,2
191,http://www.billboard.com/charts/hot-100/2005-12-03,2005-03-12 00:00:00,68,BETTER DAYS,Goo Goo Dolls,1,Better DaysGoo Goo Dolls,1,67.0,36,20,2005,12,3,2005-12-03,2005,1.0,2005-12-25,22,0,1,False,,2000,3,1,13,11,0,2
192,http://www.billboard.com/charts/hot-100/2005-12-10,2005-10-12 00:00:00,65,BETTER DAYS,Goo Goo Dolls,1,Better DaysGoo Goo Dolls,1,68.0,36,20,2005,12,10,2005-12-10,2005,-3.0,2005-12-25,15,0,1,False,,2000,3,1,13,11,0,2
193,http://www.billboard.com/charts/hot-100/2005-12-17,12/17/2005,57,BETTER DAYS,Goo Goo Dolls,1,Better DaysGoo Goo Dolls,1,65.0,36,20,2005,12,17,2005-12-17,2005,-8.0,2005-12-25,8,0,1,False,,2000,2,0,13,11,0,2
194,http://www.billboard.com/charts/hot-100/2005-12-24,12/24/2005,59,BETTER DAYS,Goo Goo Dolls,1,Better DaysGoo Goo Dolls,1,57.0,36,20,2005,12,24,2005-12-24,2005,2.0,2005-12-25,1,0,1,False,,2000,3,1,13,11,0,2
195,http://www.billboard.com/charts/hot-100/2005-12-31,12/31/2005,57,BETTER DAYS,Goo Goo Dolls,1,Better DaysGoo Goo Dolls,1,59.0,36,20,2005,12,31,2005-12-31,2005,-2.0,2005-12-25,-6,0,0,False,,2000,2,0,13,11,0,2
196,http://www.billboard.com/charts/hot-100/2006-01-07,2006-07-01 00:00:00,48,BETTER DAYS,Goo Goo Dolls,1,Better DaysGoo Goo Dolls,1,57.0,36,20,2006,1,7,2006-01-07,2005,-9.0,2005-12-25,-13,0,0,False,,2000,2,0,13,11,0,2
197,http://www.billboard.com/charts/hot-100/2006-01-14,1/14/2006,50,BETTER DAYS,Goo Goo Dolls,1,Better DaysGoo Goo Dolls,1,48.0,36,20,2006,1,14,2006-01-14,2005,2.0,2005-12-25,-20,0,0,False,,2000,2,0,13,11,0,2
198,http://www.billboard.com/charts/hot-100/2006-01-21,1/21/2006,53,BETTER DAYS,Goo Goo Dolls,1,Better DaysGoo Goo Dolls,1,50.0,36,20,2006,1,21,2006-01-21,2005,3.0,2005-12-25,-27,0,0,False,,2000,2,0,13,11,0,2
199,http://www.billboard.com/charts/hot-100/2006-01-28,1/28/2006,59,BETTER DAYS,Goo Goo Dolls,1,Better DaysGoo Goo Dolls,1,53.0,36,20,2006,1,28,2006-01-28,2005,6.0,2005-12-25,-34,0,0,False,,2000,3,1,13,11,0,2
200,http://www.billboard.com/charts/hot-100/1975-12-20,12/20/1975,99,I BELIEVE IN FATHER CHRISTMAS,Greg Lake,0,I Believe In Father ChristmasGreg Lake,1,,95,3,1975,12,20,1975-12-20,1975,0.0,1975-12-25,5,99,1,True,,1970,4,1,3,29,1,1
201,http://www.billboard.com/charts/hot-100/1975-12-27,12/27/1975,99,I BELIEVE IN FATHER CHRISTMAS,Greg Lake,0,I Believe In Father ChristmasGreg Lake,1,99.0,95,3,1975,12,27,1975-12-27,1975,0.0,1975-12-25,-2,0,0,True,,1970,4,1,3,29,1,1
202,http://www.billboard.com/charts/hot-100/1976-01-03,1976-03-01 00:00:00,95,I BELIEVE IN FATHER CHRISTMAS,Greg Lake,0,I Believe In Father ChristmasGreg Lake,1,99.0,95,3,1976,1,3,1976-01-03,1975,-4.0,1975-12-25,-9,0,0,True,,1970,4,1,3,29,1,1
203,http://www.billboard.com/charts/hot-100/1968-12-14,12/14/1968,75,MY FAVORITE THINGS,Herb Alpert & The Tijuana Brass,1,My Favorite ThingsHerb Alpert & The Tijuana Brass,1,,45,6,1968,12,14,1968-12-14,1968,0.0,1968-12-25,11,75,1,False,,1960,3,1,6,18,0,2
204,http://www.billboard.com/charts/hot-100/1968-12-21,12/21/1968,47,MY FAVORITE THINGS,Herb Alpert & The Tijuana Brass,1,My Favorite ThingsHerb Alpert & The Tijuana Brass,1,75.0,45,6,1968,12,21,1968-12-21,1968,-28.0,1968-12-25,4,0,1,False,,1960,2,0,6,18,0,2
205,http://www.billboard.com/charts/hot-100/1968-12-28,12/28/1968,47,MY FAVORITE THINGS,Herb Alpert & The Tijuana Brass,1,My Favorite ThingsHerb Alpert & The Tijuana Brass,1,47.0,45,6,1968,12,28,1968-12-28,1968,0.0,1968-12-25,-3,0,0,False,,1960,2,0,6,18,0,2
206,http://www.billboard.com/charts/hot-100/1969-01-04,1969-04-01 00:00:00,46,MY FAVORITE THINGS,Herb Alpert & The Tijuana Brass,1,My Favorite ThingsHerb Alpert & The Tijuana Brass,1,47.0,45,6,1969,1,4,1969-01-04,1968,-1.0,1968-12-25,-10,0,0,False,,1960,2,0,6,18,0,2
207,http://www.billboard.com/charts/hot-100/1969-01-11,1969-11-01 00:00:00,45,MY FAVORITE THINGS,Herb Alpert & The Tijuana Brass,1,My Favorite ThingsHerb Alpert & The Tijuana Brass,1,46.0,45,6,1969,1,11,1969-01-11,1968,-1.0,1968-12-25,-17,0,0,False,,1960,2,0,6,18,0,2
208,http://www.billboard.com/charts/hot-100/1969-01-18,1/18/1969,54,MY FAVORITE THINGS,Herb Alpert & The Tijuana Brass,1,My Favorite ThingsHerb Alpert & The Tijuana Brass,1,45.0,45,6,1969,1,18,1969-01-18,1968,9.0,1968-12-25,-24,0,0,False,,1960,2,0,6,18,0,2
209,http://www.billboard.com/charts/hot-100/1997-12-27,12/27/1997,67,SANTA'S A FAT BITCH,Insane Clown Posse,1,Santa's A Fat BitchInsane Clown Posse,1,,67,5,1997,12,27,1997-12-27,1997,0.0,1997-12-25,-2,67,0,False,,1990,3,1,5,19,0,2
210,http://www.billboard.com/charts/hot-100/1998-01-03,1998-03-01 00:00:00,67,SANTA'S A FAT BITCH,Insane Clown Posse,1,Santa's A Fat BitchInsane Clown Posse,1,67.0,67,5,1998,1,3,1998-01-03,1997,0.0,1997-12-25,-9,0,0,False,,1990,3,1,5,19,0,2
211,http://www.billboard.com/charts/hot-100/1998-01-10,1998-10-01 00:00:00,74,SANTA'S A FAT BITCH,Insane Clown Posse,1,Santa's A Fat BitchInsane Clown Posse,1,67.0,67,5,1998,1,10,1998-01-10,1997,7.0,1997-12-25,-16,0,0,False,,1990,3,1,5,19,0,2
212,http://www.billboard.com/charts/hot-100/1998-01-17,1/17/1998,91,SANTA'S A FAT BITCH,Insane Clown Posse,1,Santa's A Fat BitchInsane Clown Posse,1,74.0,67,5,1998,1,17,1998-01-17,1997,17.0,1997-12-25,-23,0,0,False,,1990,4,1,5,19,0,2
213,http://www.billboard.com/charts/hot-100/1998-01-24,1/24/1998,97,SANTA'S A FAT BITCH,Insane Clown Posse,1,Santa's A Fat BitchInsane Clown Posse,1,91.0,67,5,1998,1,24,1998-01-24,1997,6.0,1997-12-25,-30,0,0,False,,1990,4,1,5,19,0,2
214,http://www.billboard.com/charts/hot-100/1973-12-29,12/29/1973,77,IT DOESN'T HAVE TO BE THAT WAY,Jim Croce,0,It Doesn't Have To Be That WayJim Croce,1,,64,5,1973,12,29,1973-12-29,1973,0.0,1973-12-25,-4,77,0,False,,1970,3,1,5,30,0,2
215,http://www.billboard.com/charts/hot-100/1974-01-05,1974-05-01 00:00:00,71,IT DOESN'T HAVE TO BE THAT WAY,Jim Croce,0,It Doesn't Have To Be That WayJim Croce,1,77.0,64,5,1974,1,5,1974-01-05,1973,-6.0,1973-12-25,-11,0,0,False,,1970,3,1,5,30,0,2
216,http://www.billboard.com/charts/hot-100/1974-01-12,1974-12-01 00:00:00,66,IT DOESN'T HAVE TO BE THAT WAY,Jim Croce,0,It Doesn't Have To Be That WayJim Croce,1,71.0,64,5,1974,1,12,1974-01-12,1973,-5.0,1973-12-25,-18,0,0,False,,1970,3,1,5,30,0,2
217,http://www.billboard.com/charts/hot-100/1974-01-19,1/19/1974,64,IT DOESN'T HAVE TO BE THAT WAY,Jim Croce,0,It Doesn't Have To Be That WayJim Croce,1,66.0,64,5,1974,1,19,1974-01-19,1973,-2.0,1973-12-25,-25,0,0,False,,1970,3,1,5,30,0,2
218,http://www.billboard.com/charts/hot-100/1974-01-26,1/26/1974,79,IT DOESN'T HAVE TO BE THAT WAY,Jim Croce,0,It Doesn't Have To Be That WayJim Croce,1,64.0,64,5,1974,1,26,1974-01-26,1973,15.0,1973-12-25,-32,0,0,False,,1970,4,1,5,30,0,2
219,http://www.billboard.com/charts/hot-100/1975-12-13,12/13/1975,84,CHRISTMAS FOR COWBOYS,John Denver,0,Christmas For CowboysJohn Denver,1,,58,4,1975,12,13,1975-12-13,1975,0.0,1975-12-25,12,84,1,True,,1970,4,1,4,21,1,1
220,http://www.billboard.com/charts/hot-100/1975-12-20,12/20/1975,73,CHRISTMAS FOR COWBOYS,John Denver,0,Christmas For CowboysJohn Denver,1,84.0,58,4,1975,12,20,1975-12-20,1975,-11.0,1975-12-25,5,0,1,True,,1970,3,1,4,21,1,1
221,http://www.billboard.com/charts/hot-100/1975-12-27,12/27/1975,63,CHRISTMAS FOR COWBOYS,John Denver,0,Christmas For CowboysJohn Denver,1,73.0,58,4,1975,12,27,1975-12-27,1975,-10.0,1975-12-25,-2,0,0,True,,1970,3,1,4,21,1,1
222,http://www.billboard.com/charts/hot-100/1976-01-03,1976-03-01 00:00:00,58,CHRISTMAS FOR COWBOYS,John Denver,0,Christmas For CowboysJohn Denver,1,63.0,58,4,1976,1,3,1976-01-03,1975,-5.0,1975-12-25,-9,0,0,True,,1970,2,0,4,21,1,1
223,http://www.billboard.com/charts/hot-100/2017-01-07,2017-07-01 00:00:00,44,FELIZ NAVIDAD,Jose Feliciano,0,Feliz NavidadJose Feliciano,1,,44,1,2017,1,7,2017-01-07,2016,0.0,2016-12-25,-13,44,0,False,,2010,2,0,1,13,0,0
224,http://www.billboard.com/charts/hot-100/2011-11-05,2011-05-11 00:00:00,11,MISTLETOE,Justin Bieber,0,MistletoeJustin Bieber,1,,11,10,2011,11,5,2011-11-05,2011,0.0,2011-12-25,50,11,1,False,,2010,1,0,10,9,0,2
225,http://www.billboard.com/charts/hot-100/2011-11-12,2011-12-11 00:00:00,75,MISTLETOE,Justin Bieber,0,MistletoeJustin Bieber,1,11.0,11,10,2011,11,12,2011-11-12,2011,64.0,2011-12-25,43,0,1,False,,2010,3,1,10,9,0,2
226,http://www.billboard.com/charts/hot-100/2011-11-26,11/26/2011,85,MISTLETOE,Justin Bieber,0,MistletoeJustin Bieber,2,,11,10,2011,11,26,2011-11-26,2011,0.0,2011-12-25,29,85,1,False,,2010,4,1,10,9,0,2
227,http://www.billboard.com/charts/hot-100/2011-12-03,2011-03-12 00:00:00,96,MISTLETOE,Justin Bieber,0,MistletoeJustin Bieber,2,85.0,11,10,2011,12,3,2011-12-03,2011,11.0,2011-12-25,22,0,1,False,,2010,4,1,10,9,0,2
228,http://www.billboard.com/charts/hot-100/2011-12-10,2011-10-12 00:00:00,60,MISTLETOE,Justin Bieber,0,MistletoeJustin Bieber,2,96.0,11,10,2011,12,10,2011-12-10,2011,-36.0,2011-12-25,15,0,1,False,,2010,3,1,10,9,0,2
229,http://www.billboard.com/charts/hot-100/2011-12-17,12/17/2011,44,MISTLETOE,Justin Bieber,0,MistletoeJustin Bieber,2,60.0,11,10,2011,12,17,2011-12-17,2011,-16.0,2011-12-25,8,0,1,False,,2010,2,0,10,9,0,2
230,http://www.billboard.com/charts/hot-100/2011-12-24,12/24/2011,34,MISTLETOE,Justin Bieber,0,MistletoeJustin Bieber,2,44.0,11,10,2011,12,24,2011-12-24,2011,-10.0,2011-12-25,1,0,1,False,,2010,1,0,10,9,0,2
231,http://www.billboard.com/charts/hot-100/2011-12-31,12/31/2011,32,MISTLETOE,Justin Bieber,0,MistletoeJustin Bieber,2,34.0,11,10,2011,12,31,2011-12-31,2011,-2.0,2011-12-25,-6,0,0,False,,2010,1,0,10,9,0,2
232,http://www.billboard.com/charts/hot-100/2012-01-07,2012-07-01 00:00:00,19,MISTLETOE,Justin Bieber,0,MistletoeJustin Bieber,2,32.0,11,10,2012,1,7,2012-01-07,2011,-13.0,2011-12-25,-13,0,0,False,,2010,1,0,10,9,0,2
233,http://www.billboard.com/charts/hot-100/2012-01-14,1/14/2012,53,MISTLETOE,Justin Bieber,0,MistletoeJustin Bieber,2,19.0,11,10,2012,1,14,2012-01-14,2011,34.0,2011-12-25,-20,0,0,False,,2010,2,0,10,9,0,2
234,http://www.billboard.com/charts/hot-100/2011-12-24,12/24/2011,93,I'LL BE HOME FOR CHRISTMAS,Kelly Clarkson,0,I'll Be Home For ChristmasKelly Clarkson,1,,93,1,2011,12,24,2011-12-24,2011,0.0,2011-12-25,1,93,1,True,,2010,4,1,1,26,1,0
235,http://www.billboard.com/charts/hot-100/2013-12-21,12/21/2013,92,UNDERNEATH THE TREE,Kelly Clarkson,0,Underneath The TreeKelly Clarkson,1,,78,3,2013,12,21,2013-12-21,2013,0.0,2013-12-25,4,92,1,False,,2010,4,1,3,19,0,1
236,http://www.billboard.com/charts/hot-100/2013-12-28,12/28/2013,80,UNDERNEATH THE TREE,Kelly Clarkson,0,Underneath The TreeKelly Clarkson,1,92.0,78,3,2013,12,28,2013-12-28,2013,-12.0,2013-12-25,-3,0,0,False,,2010,4,1,3,19,0,1
237,http://www.billboard.com/charts/hot-100/2014-01-04,2014-04-01 00:00:00,78,UNDERNEATH THE TREE,Kelly Clarkson,0,Underneath The TreeKelly Clarkson,1,80.0,78,3,2014,1,4,2014-01-04,2013,-2.0,2013-12-25,-10,0,0,False,,2010,3,1,3,19,0,1
238,http://www.billboard.com/charts/hot-100/1999-12-25,12/25/1999,89,AULD LANG SYNE,Kenny G,0,Auld Lang SyneKenny G,1,,7,5,1999,12,25,1999-12-25,1999,0.0,1999-12-25,0,89,1,False,,1990,4,1,5,14,0,2
239,http://www.billboard.com/charts/hot-100/2000-01-01,2000-01-01 00:00:00,54,AULD LANG SYNE,Kenny G,0,Auld Lang SyneKenny G,1,89.0,7,5,2000,1,1,2000-01-01,1999,-35.0,1999-12-25,-7,0,0,False,,2000,2,0,5,14,0,2
240,http://www.billboard.com/charts/hot-100/2000-01-08,2000-08-01 00:00:00,7,AULD LANG SYNE,Kenny G,0,Auld Lang SyneKenny G,1,54.0,7,5,2000,1,8,2000-01-08,1999,-47.0,1999-12-25,-14,0,0,False,,2000,1,0,5,14,0,2
241,http://www.billboard.com/charts/hot-100/2000-01-15,1/15/2000,8,AULD LANG SYNE,Kenny G,0,Auld Lang SyneKenny G,1,7.0,7,5,2000,1,15,2000-01-15,1999,1.0,1999-12-25,-21,0,0,False,,2000,1,0,5,14,0,2
242,http://www.billboard.com/charts/hot-100/2000-01-22,1/22/2000,66,AULD LANG SYNE,Kenny G,0,Auld Lang SyneKenny G,1,8.0,7,5,2000,1,22,2000-01-22,1999,58.0,1999-12-25,-28,0,0,False,,2000,3,1,5,14,0,2
243,http://www.billboard.com/charts/hot-100/1984-12-22,12/22/1984,83,THE GREATEST GIFT OF ALL,Kenny Rogers,0,The Greatest Gift Of AllKenny Rogers,1,,81,4,1984,12,22,1984-12-22,1984,0.0,1984-12-25,3,83,1,False,,1980,4,1,4,24,0,1
244,http://www.billboard.com/charts/hot-100/1984-12-29,12/29/1984,83,THE GREATEST GIFT OF ALL,Kenny Rogers,0,The Greatest Gift Of AllKenny Rogers,1,83.0,81,4,1984,12,29,1984-12-29,1984,0.0,1984-12-25,-4,0,0,False,,1980,4,1,4,24,0,1
245,http://www.billboard.com/charts/hot-100/1985-01-05,1985-05-01 00:00:00,81,THE GREATEST GIFT OF ALL,Kenny Rogers,0,The Greatest Gift Of AllKenny Rogers,1,83.0,81,4,1985,1,5,1985-01-05,1984,-2.0,1984-12-25,-11,0,0,False,,1980,4,1,4,24,0,1
246,http://www.billboard.com/charts/hot-100/1985-01-12,1985-12-01 00:00:00,81,THE GREATEST GIFT OF ALL,Kenny Rogers,0,The Greatest Gift Of AllKenny Rogers,1,81.0,81,4,1985,1,12,1985-01-12,1984,0.0,1984-12-25,-18,0,0,False,,1980,4,1,4,24,0,1
247,http://www.billboard.com/charts/hot-100/1996-12-21,12/21/1996,83,MACARENA CHRISTMAS,Los Del Rio,1,Macarena ChristmasLos Del Rio,1,,57,4,1996,12,21,1996-12-21,1996,0.0,1996-12-25,4,83,1,True,,1990,4,1,4,18,1,1
248,http://www.billboard.com/charts/hot-100/1996-12-28,12/28/1996,66,MACARENA CHRISTMAS,Los Del Rio,1,Macarena ChristmasLos Del Rio,1,83.0,57,4,1996,12,28,1996-12-28,1996,-17.0,1996-12-25,-3,0,0,True,,1990,3,1,4,18,1,1
249,http://www.billboard.com/charts/hot-100/1997-01-04,1997-04-01 00:00:00,57,MACARENA CHRISTMAS,Los Del Rio,1,Macarena ChristmasLos Del Rio,1,66.0,57,4,1997,1,4,1997-01-04,1996,-9.0,1996-12-25,-10,0,0,True,,1990,2,0,4,18,1,1
250,http://www.billboard.com/charts/hot-100/1997-01-11,1997-11-01 00:00:00,80,MACARENA CHRISTMAS,Los Del Rio,1,Macarena ChristmasLos Del Rio,1,57.0,57,4,1997,1,11,1997-01-11,1996,23.0,1996-12-25,-17,0,0,True,,1990,4,1,4,18,1,1
251,http://www.billboard.com/charts/hot-100/2000-01-08,2000-08-01 00:00:00,83,ALL I WANT FOR CHRISTMAS IS YOU,Mariah Carey,0,All I Want For Christmas Is YouMariah Carey,1,,11,19,2000,1,8,2000-01-08,1999,0.0,1999-12-25,-14,83,0,True,,2000,4,1,1,31,1,0
252,http://www.billboard.com/charts/hot-100/2011-01-01,2011-01-01 00:00:00,100,OH SANTA!,Mariah Carey,0,Oh Santa!Mariah Carey,1,,100,1,2011,1,1,2011-01-01,2010,0.0,2010-12-25,-7,100,0,False,,2010,4,1,1,9,0,0
253,http://www.billboard.com/charts/hot-100/2012-12-22,12/22/2012,29,ALL I WANT FOR CHRISTMAS IS YOU,Mariah Carey,0,All I Want For Christmas Is YouMariah Carey,2,,11,19,2012,12,22,2012-12-22,2012,0.0,2012-12-25,3,29,1,True,,2010,1,0,3,31,1,1
254,http://www.billboard.com/charts/hot-100/2012-12-29,12/29/2012,25,ALL I WANT FOR CHRISTMAS IS YOU,Mariah Carey,0,All I Want For Christmas Is YouMariah Carey,2,29.0,11,19,2012,12,29,2012-12-29,2012,-4.0,2012-12-25,-4,0,0,True,,2010,1,0,3,31,1,1
255,http://www.billboard.com/charts/hot-100/2013-01-05,2013-05-01 00:00:00,21,ALL I WANT FOR CHRISTMAS IS YOU,Mariah Carey,0,All I Want For Christmas Is YouMariah Carey,2,25.0,11,19,2013,1,5,2013-01-05,2012,-4.0,2012-12-25,-11,0,0,True,,2010,1,0,3,31,1,1
256,http://www.billboard.com/charts/hot-100/2013-12-21,12/21/2013,26,ALL I WANT FOR CHRISTMAS IS YOU,Mariah Carey,0,All I Want For Christmas Is YouMariah Carey,3,,11,19,2013,12,21,2013-12-21,2013,0.0,2013-12-25,4,26,1,True,,2010,1,0,3,31,1,1
257,http://www.billboard.com/charts/hot-100/2013-12-28,12/28/2013,27,ALL I WANT FOR CHRISTMAS IS YOU,Mariah Carey,0,All I Want For Christmas Is YouMariah Carey,3,26.0,11,19,2013,12,28,2013-12-28,2013,1.0,2013-12-25,-3,0,0,True,,2010,1,0,3,31,1,1
258,http://www.billboard.com/charts/hot-100/2014-01-04,2014-04-01 00:00:00,26,ALL I WANT FOR CHRISTMAS IS YOU,Mariah Carey,0,All I Want For Christmas Is YouMariah Carey,3,27.0,11,19,2014,1,4,2014-01-04,2013,-1.0,2013-12-25,-10,0,0,True,,2010,1,0,3,31,1,1
259,http://www.billboard.com/charts/hot-100/2014-12-20,12/20/2014,50,ALL I WANT FOR CHRISTMAS IS YOU,Mariah Carey,0,All I Want For Christmas Is YouMariah Carey,4,,11,19,2014,12,20,2014-12-20,2014,0.0,2014-12-25,5,50,1,True,,2010,2,0,3,31,1,1
260,http://www.billboard.com/charts/hot-100/2014-12-27,12/27/2014,40,ALL I WANT FOR CHRISTMAS IS YOU,Mariah Carey,0,All I Want For Christmas Is YouMariah Carey,4,50.0,11,19,2014,12,27,2014-12-27,2014,-10.0,2014-12-25,-2,0,0,True,,2010,2,0,3,31,1,1
261,http://www.billboard.com/charts/hot-100/2015-01-03,2015-03-01 00:00:00,35,ALL I WANT FOR CHRISTMAS IS YOU,Mariah Carey,0,All I Want For Christmas Is YouMariah Carey,4,40.0,11,19,2015,1,3,2015-01-03,2014,-5.0,2014-12-25,-9,0,0,True,,2010,1,0,3,31,1,1
262,http://www.billboard.com/charts/hot-100/2015-12-19,12/19/2015,26,ALL I WANT FOR CHRISTMAS IS YOU,Mariah Carey,0,All I Want For Christmas Is YouMariah Carey,5,,11,19,2015,12,19,2015-12-19,2015,0.0,2015-12-25,6,26,1,True,,2010,1,0,4,31,1,1
263,http://www.billboard.com/charts/hot-100/2015-12-26,12/26/2015,22,ALL I WANT FOR CHRISTMAS IS YOU,Mariah Carey,0,All I Want For Christmas Is YouMariah Carey,5,26.0,11,19,2015,12,26,2015-12-26,2015,-4.0,2015-12-25,-1,0,0,True,,2010,1,0,4,31,1,1
264,http://www.billboard.com/charts/hot-100/2016-01-02,2016-02-01 00:00:00,18,ALL I WANT FOR CHRISTMAS IS YOU,Mariah Carey,0,All I Want For Christmas Is YouMariah Carey,5,22.0,11,19,2016,1,2,2016-01-02,2015,-4.0,2015-12-25,-8,0,0,True,,2010,1,0,4,31,1,1
265,http://www.billboard.com/charts/hot-100/2016-01-09,2016-09-01 00:00:00,11,ALL I WANT FOR CHRISTMAS IS YOU,Mariah Carey,0,All I Want For Christmas Is YouMariah Carey,5,18.0,11,19,2016,1,9,2016-01-09,2015,-7.0,2015-12-25,-15,0,0,True,,2010,1,0,4,31,1,1
266,http://www.billboard.com/charts/hot-100/2016-12-17,12/17/2016,23,ALL I WANT FOR CHRISTMAS IS YOU,Mariah Carey,0,All I Want For Christmas Is YouMariah Carey,6,,11,19,2016,12,17,2016-12-17,2016,0.0,2016-12-25,8,23,1,True,,2010,1,0,5,31,1,2
267,http://www.billboard.com/charts/hot-100/2016-12-24,12/24/2016,17,ALL I WANT FOR CHRISTMAS IS YOU,Mariah Carey,0,All I Want For Christmas Is YouMariah Carey,6,23.0,11,19,2016,12,24,2016-12-24,2016,-6.0,2016-12-25,1,0,1,True,,2010,1,0,5,31,1,2
268,http://www.billboard.com/charts/hot-100/2016-12-31,12/31/2016,20,ALL I WANT FOR CHRISTMAS IS YOU,Mariah Carey,0,All I Want For Christmas Is YouMariah Carey,6,17.0,11,19,2016,12,31,2016-12-31,2016,3.0,2016-12-25,-6,0,0,True,,2010,1,0,5,31,1,2
269,http://www.billboard.com/charts/hot-100/2017-01-07,2017-07-01 00:00:00,16,ALL I WANT FOR CHRISTMAS IS YOU,Mariah Carey,0,All I Want For Christmas Is YouMariah Carey,6,20.0,11,19,2017,1,7,2017-01-07,2016,-4.0,2016-12-25,-13,0,0,True,,2010,1,0,5,31,1,2
270,http://www.billboard.com/charts/hot-100/2017-01-14,1/14/2017,35,ALL I WANT FOR CHRISTMAS IS YOU,Mariah Carey,0,All I Want For Christmas Is YouMariah Carey,6,16.0,11,19,2017,1,14,2017-01-14,2016,19.0,2016-12-25,-20,0,0,True,,2010,1,0,5,31,1,2
271,http://www.billboard.com/charts/hot-100/1973-11-24,11/24/1973,97,IF WE MAKE IT THROUGH DECEMBER,Merle Haggard,0,If We Make It Through DecemberMerle Haggard,1,,28,11,1973,11,24,1973-11-24,1973,0.0,1973-12-25,31,97,1,False,,1970,4,1,10,30,0,2
272,http://www.billboard.com/charts/hot-100/1973-12-01,1973-01-12 00:00:00,92,IF WE MAKE IT THROUGH DECEMBER,Merle Haggard,0,If We Make It Through DecemberMerle Haggard,1,97.0,28,11,1973,12,1,1973-12-01,1973,-5.0,1973-12-25,24,0,1,False,,1970,4,1,10,30,0,2
273,http://www.billboard.com/charts/hot-100/1973-12-08,1973-08-12 00:00:00,82,IF WE MAKE IT THROUGH DECEMBER,Merle Haggard,0,If We Make It Through DecemberMerle Haggard,1,92.0,28,11,1973,12,8,1973-12-08,1973,-10.0,1973-12-25,17,0,1,False,,1970,4,1,10,30,0,2
274,http://www.billboard.com/charts/hot-100/1973-12-15,12/15/1973,69,IF WE MAKE IT THROUGH DECEMBER,Merle Haggard,0,If We Make It Through DecemberMerle Haggard,1,82.0,28,11,1973,12,15,1973-12-15,1973,-13.0,1973-12-25,10,0,1,False,,1970,3,1,10,30,0,2
275,http://www.billboard.com/charts/hot-100/1973-12-22,12/22/1973,65,IF WE MAKE IT THROUGH DECEMBER,Merle Haggard,0,If We Make It Through DecemberMerle Haggard,1,69.0,28,11,1973,12,22,1973-12-22,1973,-4.0,1973-12-25,3,0,1,False,,1970,3,1,10,30,0,2
276,http://www.billboard.com/charts/hot-100/1973-12-29,12/29/1973,50,IF WE MAKE IT THROUGH DECEMBER,Merle Haggard,0,If We Make It Through DecemberMerle Haggard,1,65.0,28,11,1973,12,29,1973-12-29,1973,-15.0,1973-12-25,-4,0,0,False,,1970,2,0,10,30,0,2
277,http://www.billboard.com/charts/hot-100/1974-01-05,1974-05-01 00:00:00,40,IF WE MAKE IT THROUGH DECEMBER,Merle Haggard,0,If We Make It Through DecemberMerle Haggard,1,50.0,28,11,1974,1,5,1974-01-05,1973,-10.0,1973-12-25,-11,0,0,False,,1970,2,0,10,30,0,2
278,http://www.billboard.com/charts/hot-100/1974-01-12,1974-12-01 00:00:00,32,IF WE MAKE IT THROUGH DECEMBER,Merle Haggard,0,If We Make It Through DecemberMerle Haggard,1,40.0,28,11,1974,1,12,1974-01-12,1973,-8.0,1973-12-25,-18,0,0,False,,1970,1,0,10,30,0,2
279,http://www.billboard.com/charts/hot-100/1974-01-19,1/19/1974,28,IF WE MAKE IT THROUGH DECEMBER,Merle Haggard,0,If We Make It Through DecemberMerle Haggard,1,32.0,28,11,1974,1,19,1974-01-19,1973,-4.0,1973-12-25,-25,0,0,False,,1970,1,0,10,30,0,2
280,http://www.billboard.com/charts/hot-100/1974-01-26,1/26/1974,41,IF WE MAKE IT THROUGH DECEMBER,Merle Haggard,0,If We Make It Through DecemberMerle Haggard,1,28.0,28,11,1974,1,26,1974-01-26,1973,13.0,1973-12-25,-32,0,0,False,,1970,2,0,10,30,0,2
281,http://www.billboard.com/charts/hot-100/2011-12-17,12/17/2011,96,IT'S BEGINNING TO LOOK A LOT LIKE CHRISTMAS,Michael Buble,0,It's Beginning To Look A Lot Like ChristmasMichael Buble,1,,96,1,2011,12,17,2011-12-17,2011,0.0,2011-12-25,8,96,1,True,,2010,4,1,1,43,1,0
282,http://www.billboard.com/charts/hot-100/2011-12-31,12/31/2011,99,ALL I WANT FOR CHRISTMAS IS YOU,Michael Buble,0,All I Want For Christmas Is YouMichael Buble,1,,99,1,2011,12,31,2011-12-31,2011,0.0,2011-12-25,-6,99,0,True,,2010,4,1,1,31,1,0
283,http://www.billboard.com/charts/hot-100/1974-12-14,12/14/1974,97,WHEN A CHILD IS BORN,Michael Holm,0,When A Child Is BornMichael Holm,1,,53,7,1974,12,14,1974-12-14,1974,0.0,1974-12-25,11,97,1,False,,1970,4,1,7,20,0,2
284,http://www.billboard.com/charts/hot-100/1974-12-21,12/21/1974,84,WHEN A CHILD IS BORN,Michael Holm,0,When A Child Is BornMichael Holm,1,97.0,53,7,1974,12,21,1974-12-21,1974,-13.0,1974-12-25,4,0,1,False,,1970,4,1,7,20,0,2
285,http://www.billboard.com/charts/hot-100/1974-12-28,12/28/1974,73,WHEN A CHILD IS BORN,Michael Holm,0,When A Child Is BornMichael Holm,1,84.0,53,7,1974,12,28,1974-12-28,1974,-11.0,1974-12-25,-3,0,0,False,,1970,3,1,7,20,0,2
286,http://www.billboard.com/charts/hot-100/1975-01-04,1975-04-01 00:00:00,73,WHEN A CHILD IS BORN,Michael Holm,0,When A Child Is BornMichael Holm,1,73.0,53,7,1975,1,4,1975-01-04,1974,0.0,1974-12-25,-10,0,0,False,,1970,3,1,7,20,0,2
287,http://www.billboard.com/charts/hot-100/1975-01-11,1975-11-01 00:00:00,68,WHEN A CHILD IS BORN,Michael Holm,0,When A Child Is BornMichael Holm,1,73.0,53,7,1975,1,11,1975-01-11,1974,-5.0,1974-12-25,-17,0,0,False,,1970,3,1,7,20,0,2
288,http://www.billboard.com/charts/hot-100/1975-01-18,1/18/1975,60,WHEN A CHILD IS BORN,Michael Holm,0,When A Child Is BornMichael Holm,1,68.0,53,7,1975,1,18,1975-01-18,1974,-8.0,1974-12-25,-24,0,0,False,,1970,3,1,7,20,0,2
289,http://www.billboard.com/charts/hot-100/1975-01-25,1/25/1975,53,WHEN A CHILD IS BORN,Michael Holm,0,When A Child Is BornMichael Holm,1,60.0,53,7,1975,1,25,1975-01-25,1974,-7.0,1974-12-25,-31,0,0,False,,1970,2,0,7,20,0,2
290,http://www.billboard.com/charts/hot-100/1960-12-10,1960-10-12 00:00:00,100,THE CHRISTMAS SONG (MERRY CHRISTMAS TO YOU),Nat King Cole,0,The Christmas Song (Merry Christmas To You)Nat King Cole,1,,38,8,1960,12,10,1960-12-10,1960,0.0,1960-12-25,15,100,1,True,,1960,4,1,2,43,1,1
291,http://www.billboard.com/charts/hot-100/1960-12-17,12/17/1960,80,THE CHRISTMAS SONG (MERRY CHRISTMAS TO YOU),Nat King Cole,0,The Christmas Song (Merry Christmas To You)Nat King Cole,1,100.0,38,8,1960,12,17,1960-12-17,1960,-20.0,1960-12-25,8,0,1,True,,1960,4,1,2,43,1,1
292,http://www.billboard.com/charts/hot-100/1962-12-15,12/15/1962,75,THE CHRISTMAS SONG (MERRY CHRISTMAS TO YOU),Nat King Cole,0,The Christmas Song (Merry Christmas To You)Nat King Cole,2,,38,8,1962,12,15,1962-12-15,1962,0.0,1962-12-25,10,75,1,True,,1960,3,1,3,43,1,1
293,http://www.billboard.com/charts/hot-100/1962-12-22,12/22/1962,67,THE CHRISTMAS SONG (MERRY CHRISTMAS TO YOU),Nat King Cole,0,The Christmas Song (Merry Christmas To You)Nat King Cole,2,75.0,38,8,1962,12,22,1962-12-22,1962,-8.0,1962-12-25,3,0,1,True,,1960,3,1,3,43,1,1
294,http://www.billboard.com/charts/hot-100/1962-12-29,12/29/1962,65,THE CHRISTMAS SONG (MERRY CHRISTMAS TO YOU),Nat King Cole,0,The Christmas Song (Merry Christmas To You)Nat King Cole,2,67.0,38,8,1962,12,29,1962-12-29,1962,-2.0,1962-12-25,-4,0,0,True,,1960,3,1,3,43,1,1
295,http://www.billboard.com/charts/hot-100/2014-01-04,2014-04-01 00:00:00,45,THE CHRISTMAS SONG (MERRY CHRISTMAS TO YOU),Nat King Cole,0,The Christmas Song (Merry Christmas To You)Nat King Cole,3,,38,8,2014,1,4,2014-01-04,2013,0.0,2013-12-25,-10,45,0,True,,2010,2,0,1,43,1,0
296,http://www.billboard.com/charts/hot-100/2016-01-09,2016-09-01 00:00:00,38,THE CHRISTMAS SONG (MERRY CHRISTMAS TO YOU),Nat King Cole,0,The Christmas Song (Merry Christmas To You)Nat King Cole,4,,38,8,2016,1,9,2016-01-09,2015,0.0,2015-12-25,-15,38,0,True,,2010,1,0,1,43,1,0
297,http://www.billboard.com/charts/hot-100/2017-01-07,2017-07-01 00:00:00,47,THE CHRISTMAS SONG (MERRY CHRISTMAS TO YOU),Nat King Cole,0,The Christmas Song (Merry Christmas To You)Nat King Cole,5,,38,8,2017,1,7,2017-01-07,2016,0.0,2016-12-25,-13,47,0,True,,2010,2,0,1,43,1,0
298,http://www.billboard.com/charts/hot-100/1989-11-11,1989-11-11 00:00:00,82,THIS ONE'S FOR THE CHILDREN,New Kids On The Block,1,This One's For The ChildrenNew Kids On The Block,1,,7,16,1989,11,11,1989-11-11,1989,0.0,1989-12-25,44,82,1,False,,1980,4,1,12,27,0,2
299,http://www.billboard.com/charts/hot-100/1989-11-18,11/18/1989,49,THIS ONE'S FOR THE CHILDREN,New Kids On The Block,1,This One's For The ChildrenNew Kids On The Block,1,82.0,7,16,1989,11,18,1989-11-18,1989,-33.0,1989-12-25,37,0,1,False,,1980,2,0,12,27,0,2
300,http://www.billboard.com/charts/hot-100/1989-11-25,11/25/1989,37,THIS ONE'S FOR THE CHILDREN,New Kids On The Block,1,This One's For The ChildrenNew Kids On The Block,1,49.0,7,16,1989,11,25,1989-11-25,1989,-12.0,1989-12-25,30,0,1,False,,1980,1,0,12,27,0,2
301,http://www.billboard.com/charts/hot-100/1989-12-02,1989-02-12 00:00:00,28,THIS ONE'S FOR THE CHILDREN,New Kids On The Block,1,This One's For The ChildrenNew Kids On The Block,1,37.0,7,16,1989,12,2,1989-12-02,1989,-9.0,1989-12-25,23,0,1,False,,1980,1,0,12,27,0,2
302,http://www.billboard.com/charts/hot-100/1989-12-09,1989-09-12 00:00:00,22,THIS ONE'S FOR THE CHILDREN,New Kids On The Block,1,This One's For The ChildrenNew Kids On The Block,1,28.0,7,16,1989,12,9,1989-12-09,1989,-6.0,1989-12-25,16,0,1,False,,1980,1,0,12,27,0,2
303,http://www.billboard.com/charts/hot-100/1989-12-16,12/16/1989,13,THIS ONE'S FOR THE CHILDREN,New Kids On The Block,1,This One's For The ChildrenNew Kids On The Block,1,22.0,7,16,1989,12,16,1989-12-16,1989,-9.0,1989-12-25,9,0,1,False,,1980,1,0,12,27,0,2
304,http://www.billboard.com/charts/hot-100/1989-12-23,12/23/1989,9,THIS ONE'S FOR THE CHILDREN,New Kids On The Block,1,This One's For The ChildrenNew Kids On The Block,1,13.0,7,16,1989,12,23,1989-12-23,1989,-4.0,1989-12-25,2,0,1,False,,1980,1,0,12,27,0,2
305,http://www.billboard.com/charts/hot-100/1989-12-30,12/30/1989,9,THIS ONE'S FOR THE CHILDREN,New Kids On The Block,1,This One's For The ChildrenNew Kids On The Block,1,9.0,7,16,1989,12,30,1989-12-30,1989,0.0,1989-12-25,-5,0,0,False,,1980,1,0,12,27,0,2
306,http://www.billboard.com/charts/hot-100/1990-01-06,1990-06-01 00:00:00,7,THIS ONE'S FOR THE CHILDREN,New Kids On The Block,1,This One's For The ChildrenNew Kids On The Block,1,9.0,7,16,1990,1,6,1990-01-06,1989,-2.0,1989-12-25,-12,0,0,False,,1990,1,0,12,27,0,2
307,http://www.billboard.com/charts/hot-100/1990-01-13,1/13/1990,7,THIS ONE'S FOR THE CHILDREN,New Kids On The Block,1,This One's For The ChildrenNew Kids On The Block,1,7.0,7,16,1990,1,13,1990-01-13,1989,0.0,1989-12-25,-19,0,0,False,,1990,1,0,12,27,0,2
308,http://www.billboard.com/charts/hot-100/1990-01-20,1/20/1990,17,THIS ONE'S FOR THE CHILDREN,New Kids On The Block,1,This One's For The ChildrenNew Kids On The Block,1,7.0,7,16,1990,1,20,1990-01-20,1989,10.0,1989-12-25,-26,0,0,False,,1990,1,0,12,27,0,2
309,http://www.billboard.com/charts/hot-100/1990-01-27,1/27/1990,35,THIS ONE'S FOR THE CHILDREN,New Kids On The Block,1,This One's For The ChildrenNew Kids On The Block,1,17.0,7,16,1990,1,27,1990-01-27,1989,18.0,1989-12-25,-33,0,0,False,,1990,1,0,12,27,0,2
310,http://www.billboard.com/charts/hot-100/2000-12-30,12/30/2000,68,THE CHRISTMAS SHOES,NewSong,1,The Christmas ShoesNewSong,1,,42,2,2000,12,30,2000-12-30,2000,0.0,2000-12-25,-5,68,0,True,,2000,3,1,2,19,1,1
311,http://www.billboard.com/charts/hot-100/2001-01-06,2001-06-01 00:00:00,42,THE CHRISTMAS SHOES,NewSong,1,The Christmas ShoesNewSong,1,68.0,42,2,2001,1,6,2001-01-06,2000,-26.0,2000-12-25,-12,0,0,True,,2000,2,0,2,19,1,1
312,http://www.billboard.com/charts/hot-100/1974-12-21,12/21/1974,97,CHRISTMAS DREAM,Perry Como,0,Christmas DreamPerry Como,1,,92,2,1974,12,21,1974-12-21,1974,0.0,1974-12-25,4,97,1,True,,1970,4,1,2,15,1,1
313,http://www.billboard.com/charts/hot-100/1974-12-28,12/28/1974,92,CHRISTMAS DREAM,Perry Como,0,Christmas DreamPerry Como,1,97.0,92,2,1974,12,28,1974-12-28,1974,-5.0,1974-12-25,-3,0,0,True,,1970,4,1,2,15,1,1
314,http://www.billboard.com/charts/hot-100/1962-12-15,12/15/1962,77,SANTA CLAUS IS WATCHING YOU,Ray Stevens,0,Santa Claus Is Watching YouRay Stevens,1,,45,3,1962,12,15,1962-12-15,1962,0.0,1962-12-25,10,77,1,False,,1960,3,1,3,27,0,1
315,http://www.billboard.com/charts/hot-100/1962-12-22,12/22/1962,55,SANTA CLAUS IS WATCHING YOU,Ray Stevens,0,Santa Claus Is Watching YouRay Stevens,1,77.0,45,3,1962,12,22,1962-12-22,1962,-22.0,1962-12-25,3,0,1,False,,1960,2,0,3,27,0,1
316,http://www.billboard.com/charts/hot-100/1962-12-29,12/29/1962,45,SANTA CLAUS IS WATCHING YOU,Ray Stevens,0,Santa Claus Is Watching YouRay Stevens,1,55.0,45,3,1962,12,29,1962-12-29,1962,-10.0,1962-12-25,-4,0,0,False,,1960,2,0,3,27,0,1
317,http://www.billboard.com/charts/hot-100/1963-12-14,12/14/1963,60,PRETTY PAPER,Roy Orbison,0,Pretty PaperRoy Orbison,1,,15,7,1963,12,14,1963-12-14,1963,0.0,1963-12-25,11,60,1,False,,1960,3,1,7,12,0,2
318,http://www.billboard.com/charts/hot-100/1963-12-21,12/21/1963,33,PRETTY PAPER,Roy Orbison,0,Pretty PaperRoy Orbison,1,60.0,15,7,1963,12,21,1963-12-21,1963,-27.0,1963-12-25,4,0,1,False,,1960,1,0,7,12,0,2
319,http://www.billboard.com/charts/hot-100/1963-12-28,12/28/1963,19,PRETTY PAPER,Roy Orbison,0,Pretty PaperRoy Orbison,1,33.0,15,7,1963,12,28,1963-12-28,1963,-14.0,1963-12-25,-3,0,0,False,,1960,1,0,7,12,0,2
320,http://www.billboard.com/charts/hot-100/1964-01-04,1964-04-01 00:00:00,16,PRETTY PAPER,Roy Orbison,0,Pretty PaperRoy Orbison,1,19.0,15,7,1964,1,4,1964-01-04,1963,-3.0,1963-12-25,-10,0,0,False,,1960,1,0,7,12,0,2
321,http://www.billboard.com/charts/hot-100/1964-01-11,1964-11-01 00:00:00,15,PRETTY PAPER,Roy Orbison,0,Pretty PaperRoy Orbison,1,16.0,15,7,1964,1,11,1964-01-11,1963,-1.0,1963-12-25,-17,0,0,False,,1960,1,0,7,12,0,2
322,http://www.billboard.com/charts/hot-100/1964-01-18,1/18/1964,26,PRETTY PAPER,Roy Orbison,0,Pretty PaperRoy Orbison,1,15.0,15,7,1964,1,18,1964-01-18,1963,11.0,1963-12-25,-24,0,0,False,,1960,1,0,7,12,0,2
323,http://www.billboard.com/charts/hot-100/1964-01-25,1/25/1964,43,PRETTY PAPER,Roy Orbison,0,Pretty PaperRoy Orbison,1,26.0,15,7,1964,1,25,1964-01-25,1963,17.0,1963-12-25,-31,0,0,False,,1960,2,0,7,12,0,2
324,http://www.billboard.com/charts/hot-100/2014-12-27,12/27/2014,90,HAVE YOURSELF A MERRY LITTLE CHRISTMAS,Sam Smith,0,Have Yourself A Merry Little ChristmasSam Smith,1,,90,1,2014,12,27,2014-12-27,2014,0.0,2014-12-25,-2,90,0,True,,2010,4,1,1,38,1,0
325,http://www.billboard.com/charts/hot-100/1960-12-17,12/17/1960,78,TWISTIN' BELLS,Santo & Johnny,1,Twistin' BellsSanto & Johnny,1,,49,3,1960,12,17,1960-12-17,1960,0.0,1960-12-25,8,78,1,False,,1960,3,1,3,14,0,1
326,http://www.billboard.com/charts/hot-100/1960-12-24,12/24/1960,61,TWISTIN' BELLS,Santo & Johnny,1,Twistin' BellsSanto & Johnny,1,78.0,49,3,1960,12,24,1960-12-24,1960,-17.0,1960-12-25,1,0,1,False,,1960,3,1,3,14,0,1
327,http://www.billboard.com/charts/hot-100/1960-12-31,12/31/1960,49,TWISTIN' BELLS,Santo & Johnny,1,Twistin' BellsSanto & Johnny,1,61.0,49,3,1960,12,31,1960-12-31,1960,-12.0,1960-12-25,-6,0,0,False,,1960,2,0,3,14,0,1
328,http://www.billboard.com/charts/hot-100/2006-12-23,12/23/2006,78,RIVER,Sarah McLachlan,0,RiverSarah McLachlan,1,,71,3,2006,12,23,2006-12-23,2006,0.0,2006-12-25,2,78,1,False,,2000,3,1,3,5,0,1
329,http://www.billboard.com/charts/hot-100/2006-12-30,12/30/2006,71,RIVER,Sarah McLachlan,0,RiverSarah McLachlan,1,78.0,71,3,2006,12,30,2006-12-30,2006,-7.0,2006-12-25,-5,0,0,False,,2000,3,1,3,5,0,1
330,http://www.billboard.com/charts/hot-100/2007-01-06,2007-06-01 00:00:00,85,RIVER,Sarah McLachlan,0,RiverSarah McLachlan,1,71.0,71,3,2007,1,6,2007-01-06,2006,14.0,2006-12-25,-12,0,0,False,,2000,4,1,3,5,0,1
331,http://www.billboard.com/charts/hot-100/1999-12-25,12/25/1999,97,DECK THE HALLS,SHeDAISY,1,Deck The HallsSHeDAISY,1,,61,3,1999,12,25,1999-12-25,1999,0.0,1999-12-25,0,97,1,False,,1990,4,1,3,14,0,1
332,http://www.billboard.com/charts/hot-100/2000-01-01,2000-01-01 00:00:00,69,DECK THE HALLS,SHeDAISY,1,Deck The HallsSHeDAISY,1,97.0,61,3,2000,1,1,2000-01-01,1999,-28.0,1999-12-25,-7,0,0,False,,2000,3,1,3,14,0,1
333,http://www.billboard.com/charts/hot-100/2000-01-08,2000-08-01 00:00:00,61,DECK THE HALLS,SHeDAISY,1,Deck The HallsSHeDAISY,1,69.0,61,3,2000,1,8,2000-01-08,1999,-8.0,1999-12-25,-14,0,0,False,,2000,3,1,3,14,0,1
334,http://www.billboard.com/charts/hot-100/1958-12-27,12/27/1958,44,GREEN CHRISTMAS,Stan Freberg,0,Green ChristmasStan Freberg,1,,44,2,1958,12,27,1958-12-27,1958,0.0,1958-12-25,-2,44,0,True,,1950,2,0,2,15,1,1
335,http://www.billboard.com/charts/hot-100/1959-01-03,1959-03-01 00:00:00,53,GREEN CHRISTMAS,Stan Freberg,0,Green ChristmasStan Freberg,1,44.0,44,2,1959,1,3,1959-01-03,1958,9.0,1958-12-25,-9,0,0,True,,1950,2,0,2,15,1,1
336,http://www.billboard.com/charts/hot-100/1960-12-17,12/17/1960,97,BLUE CHRISTMAS,The Browns Featuring Jim Edward Brown,1,Blue ChristmasThe Browns Featuring Jim Edward Brown,1,,97,1,1960,12,17,1960-12-17,1960,0.0,1960-12-25,8,97,1,True,,1960,4,1,1,14,1,0
337,http://www.billboard.com/charts/hot-100/1963-11-30,11/30/1963,87,THE MARVELOUS TOY,The Chad Mitchell Trio,1,The Marvelous ToyThe Chad Mitchell Trio,1,,43,9,1963,11,30,1963-11-30,1963,0.0,1963-12-25,25,87,1,False,,1960,4,1,9,17,0,2
338,http://www.billboard.com/charts/hot-100/1963-12-07,1963-07-12 00:00:00,77,THE MARVELOUS TOY,The Chad Mitchell Trio,1,The Marvelous ToyThe Chad Mitchell Trio,1,87.0,43,9,1963,12,7,1963-12-07,1963,-10.0,1963-12-25,18,0,1,False,,1960,3,1,9,17,0,2
339,http://www.billboard.com/charts/hot-100/1963-12-14,12/14/1963,73,THE MARVELOUS TOY,The Chad Mitchell Trio,1,The Marvelous ToyThe Chad Mitchell Trio,1,77.0,43,9,1963,12,14,1963-12-14,1963,-4.0,1963-12-25,11,0,1,False,,1960,3,1,9,17,0,2
340,http://www.billboard.com/charts/hot-100/1963-12-21,12/21/1963,65,THE MARVELOUS TOY,The Chad Mitchell Trio,1,The Marvelous ToyThe Chad Mitchell Trio,1,73.0,43,9,1963,12,21,1963-12-21,1963,-8.0,1963-12-25,4,0,1,False,,1960,3,1,9,17,0,2
341,http://www.billboard.com/charts/hot-100/1963-12-28,12/28/1963,56,THE MARVELOUS TOY,The Chad Mitchell Trio,1,The Marvelous ToyThe Chad Mitchell Trio,1,65.0,43,9,1963,12,28,1963-12-28,1963,-9.0,1963-12-25,-3,0,0,False,,1960,2,0,9,17,0,2
342,http://www.billboard.com/charts/hot-100/1964-01-04,1964-04-01 00:00:00,47,THE MARVELOUS TOY,The Chad Mitchell Trio,1,The Marvelous ToyThe Chad Mitchell Trio,1,56.0,43,9,1964,1,4,1964-01-04,1963,-9.0,1963-12-25,-10,0,0,False,,1960,2,0,9,17,0,2
343,http://www.billboard.com/charts/hot-100/1964-01-11,1964-11-01 00:00:00,46,THE MARVELOUS TOY,The Chad Mitchell Trio,1,The Marvelous ToyThe Chad Mitchell Trio,1,47.0,43,9,1964,1,11,1964-01-11,1963,-1.0,1963-12-25,-17,0,0,False,,1960,2,0,9,17,0,2
344,http://www.billboard.com/charts/hot-100/1964-01-18,1/18/1964,43,THE MARVELOUS TOY,The Chad Mitchell Trio,1,The Marvelous ToyThe Chad Mitchell Trio,1,46.0,43,9,1964,1,18,1964-01-18,1963,-3.0,1963-12-25,-24,0,0,False,,1960,2,0,9,17,0,2
345,http://www.billboard.com/charts/hot-100/1964-01-25,1/25/1964,53,THE MARVELOUS TOY,The Chad Mitchell Trio,1,The Marvelous ToyThe Chad Mitchell Trio,1,43.0,43,9,1964,1,25,1964-01-25,1963,10.0,1963-12-25,-31,0,0,False,,1960,2,0,9,17,0,2
346,http://www.billboard.com/charts/hot-100/1960-12-17,12/17/1960,96,WHITE CHRISTMAS,The Drifters Featuring Clyde McPhatter And Bill Pinkney,1,White ChristmasThe Drifters Featuring Clyde McPhatter And Bill Pinkney,1,,88,2,1960,12,17,1960-12-17,1960,0.0,1960-12-25,8,96,1,True,,1960,4,1,1,15,1,0
347,http://www.billboard.com/charts/hot-100/1962-12-22,12/22/1962,88,WHITE CHRISTMAS,The Drifters Featuring Clyde McPhatter And Bill Pinkney,1,White ChristmasThe Drifters Featuring Clyde McPhatter And Bill Pinkney,2,,88,2,1962,12,22,1962-12-22,1962,0.0,1962-12-25,3,88,1,True,,1960,4,1,1,15,1,0
348,http://www.billboard.com/charts/hot-100/2006-12-30,12/30/2006,50,HAPPY XMAS (WAR IS OVER),The Fray,1,Happy Xmas (War Is Over)The Fray,1,,50,2,2006,12,30,2006-12-30,2006,0.0,2006-12-25,-5,50,0,False,,2000,2,0,2,24,0,1
349,http://www.billboard.com/charts/hot-100/2007-01-06,2007-06-01 00:00:00,89,HAPPY XMAS (WAR IS OVER),The Fray,1,Happy Xmas (War Is Over)The Fray,1,50.0,50,2,2007,1,6,2007-01-06,2006,39.0,2006-12-25,-12,0,0,False,,2000,4,1,2,24,0,1
350,http://www.billboard.com/charts/hot-100/1964-11-21,11/21/1964,96,AMEN,The Impressions,1,AmenThe Impressions,1,,7,11,1964,11,21,1964-11-21,1964,0.0,1964-12-25,34,96,1,False,,1960,4,1,11,4,0,2
351,http://www.billboard.com/charts/hot-100/1964-11-28,11/28/1964,59,AMEN,The Impressions,1,AmenThe Impressions,1,96.0,7,11,1964,11,28,1964-11-28,1964,-37.0,1964-12-25,27,0,1,False,,1960,3,1,11,4,0,2
352,http://www.billboard.com/charts/hot-100/1964-12-05,1964-05-12 00:00:00,43,AMEN,The Impressions,1,AmenThe Impressions,1,59.0,7,11,1964,12,5,1964-12-05,1964,-16.0,1964-12-25,20,0,1,False,,1960,2,0,11,4,0,2
353,http://www.billboard.com/charts/hot-100/1964-12-12,1964-12-12 00:00:00,30,AMEN,The Impressions,1,AmenThe Impressions,1,43.0,7,11,1964,12,12,1964-12-12,1964,-13.0,1964-12-25,13,0,1,False,,1960,1,0,11,4,0,2
354,http://www.billboard.com/charts/hot-100/1964-12-19,12/19/1964,24,AMEN,The Impressions,1,AmenThe Impressions,1,30.0,7,11,1964,12,19,1964-12-19,1964,-6.0,1964-12-25,6,0,1,False,,1960,1,0,11,4,0,2
355,http://www.billboard.com/charts/hot-100/1964-12-26,12/26/1964,12,AMEN,The Impressions,1,AmenThe Impressions,1,24.0,7,11,1964,12,26,1964-12-26,1964,-12.0,1964-12-25,-1,0,0,False,,1960,1,0,11,4,0,2
356,http://www.billboard.com/charts/hot-100/1965-01-02,1965-02-01 00:00:00,8,AMEN,The Impressions,1,AmenThe Impressions,1,12.0,7,11,1965,1,2,1965-01-02,1964,-4.0,1964-12-25,-8,0,0,False,,1960,1,0,11,4,0,2
357,http://www.billboard.com/charts/hot-100/1965-01-09,1965-09-01 00:00:00,7,AMEN,The Impressions,1,AmenThe Impressions,1,8.0,7,11,1965,1,9,1965-01-09,1964,-1.0,1964-12-25,-15,0,0,False,,1960,1,0,11,4,0,2
358,http://www.billboard.com/charts/hot-100/1965-01-16,1/16/1965,11,AMEN,The Impressions,1,AmenThe Impressions,1,7.0,7,11,1965,1,16,1965-01-16,1964,4.0,1964-12-25,-22,0,0,False,,1960,1,0,11,4,0,2
359,http://www.billboard.com/charts/hot-100/1965-01-23,1/23/1965,17,AMEN,The Impressions,1,AmenThe Impressions,1,11.0,7,11,1965,1,23,1965-01-23,1964,6.0,1964-12-25,-29,0,0,False,,1960,1,0,11,4,0,2
360,http://www.billboard.com/charts/hot-100/1965-01-30,1/30/1965,43,AMEN,The Impressions,1,AmenThe Impressions,1,17.0,7,11,1965,1,30,1965-01-30,1964,26.0,1964-12-25,-36,0,0,False,,1960,2,0,11,4,0,2
361,http://www.billboard.com/charts/hot-100/2006-12-23,12/23/2006,54,A GREAT BIG SLED,The Killers Featuring Toni Halliday,1,A Great Big SledThe Killers Featuring Toni Halliday,1,,54,2,2006,12,23,2006-12-23,2006,0.0,2006-12-25,2,54,1,False,,2000,2,0,2,16,0,1
362,http://www.billboard.com/charts/hot-100/2007-01-06,2007-06-01 00:00:00,88,A GREAT BIG SLED,The Killers Featuring Toni Halliday,1,A Great Big SledThe Killers Featuring Toni Halliday,2,,54,2,2007,1,6,2007-01-06,2006,0.0,2006-12-25,-12,88,0,False,,2000,4,1,2,16,0,1
363,http://www.billboard.com/charts/hot-100/1966-12-03,1966-03-12 00:00:00,99,I'LL BE HOME,The Platters,1,I'll Be HomeThe Platters,1,,97,2,1966,12,3,1966-12-03,1966,0.0,1966-12-25,22,99,1,False,,1960,4,1,2,12,0,1
364,http://www.billboard.com/charts/hot-100/1966-12-10,1966-10-12 00:00:00,97,I'LL BE HOME,The Platters,1,I'll Be HomeThe Platters,1,99.0,97,2,1966,12,10,1966-12-10,1966,-2.0,1966-12-25,15,0,1,False,,1960,4,1,2,12,0,1
365,http://www.billboard.com/charts/hot-100/1980-12-13,12/13/1980,91,WHAT CAN YOU GET A WOOKIEE FOR CHRISTMAS (WHEN HE ALREADY OWNS A COMB?),The Star Wars Intergalactic Droid Choir & Chorale,1,What Can You Get A Wookiee For Christmas (When He Already Owns A Comb?)The Star Wars Intergalactic Droid Choir & Chorale,1,,69,6,1980,12,13,1980-12-13,1980,0.0,1980-12-25,12,91,1,True,,1980,4,1,6,71,1,2
366,http://www.billboard.com/charts/hot-100/1980-12-20,12/20/1980,81,WHAT CAN YOU GET A WOOKIEE FOR CHRISTMAS (WHEN HE ALREADY OWNS A COMB?),The Star Wars Intergalactic Droid Choir & Chorale,1,What Can You Get A Wookiee For Christmas (When He Already Owns A Comb?)The Star Wars Intergalactic Droid Choir & Chorale,1,91.0,69,6,1980,12,20,1980-12-20,1980,-10.0,1980-12-25,5,0,1,True,,1980,4,1,6,71,1,2
367,http://www.billboard.com/charts/hot-100/1980-12-27,12/27/1980,69,WHAT CAN YOU GET A WOOKIEE FOR CHRISTMAS (WHEN HE ALREADY OWNS A COMB?),The Star Wars Intergalactic Droid Choir & Chorale,1,What Can You Get A Wookiee For Christmas (When He Already Owns A Comb?)The Star Wars Intergalactic Droid Choir & Chorale,1,81.0,69,6,1980,12,27,1980-12-27,1980,-12.0,1980-12-25,-2,0,0,True,,1980,3,1,6,71,1,2
368,http://www.billboard.com/charts/hot-100/1981-01-03,1981-03-01 00:00:00,69,WHAT CAN YOU GET A WOOKIEE FOR CHRISTMAS (WHEN HE ALREADY OWNS A COMB?),The Star Wars Intergalactic Droid Choir & Chorale,1,What Can You Get A Wookiee For Christmas (When He Already Owns A Comb?)The Star Wars Intergalactic Droid Choir & Chorale,1,69.0,69,6,1981,1,3,1981-01-03,1980,0.0,1980-12-25,-9,0,0,True,,1980,3,1,6,71,1,2
369,http://www.billboard.com/charts/hot-100/1981-01-10,1981-10-01 00:00:00,69,WHAT CAN YOU GET A WOOKIEE FOR CHRISTMAS (WHEN HE ALREADY OWNS A COMB?),The Star Wars Intergalactic Droid Choir & Chorale,1,What Can You Get A Wookiee For Christmas (When He Already Owns A Comb?)The Star Wars Intergalactic Droid Choir & Chorale,1,69.0,69,6,1981,1,10,1981-01-10,1980,0.0,1980-12-25,-16,0,0,True,,1980,3,1,6,71,1,2
370,http://www.billboard.com/charts/hot-100/1981-01-17,1/17/1981,91,WHAT CAN YOU GET A WOOKIEE FOR CHRISTMAS (WHEN HE ALREADY OWNS A COMB?),The Star Wars Intergalactic Droid Choir & Chorale,1,What Can You Get A Wookiee For Christmas (When He Already Owns A Comb?)The Star Wars Intergalactic Droid Choir & Chorale,1,69.0,69,6,1981,1,17,1981-01-17,1980,22.0,1980-12-25,-23,0,0,True,,1980,4,1,6,71,1,2
371,http://www.billboard.com/charts/hot-100/1995-01-07,1995-07-01 00:00:00,91,THE SANTA CLAUS BOOGIE,The Tractors,1,The Santa Claus BoogieThe Tractors,1,,91,1,1995,1,7,1995-01-07,1994,0.0,1994-12-25,-13,91,0,False,,1990,4,1,1,22,0,0
372,http://www.billboard.com/charts/hot-100/2011-01-08,2011-08-01 00:00:00,99,SHAKE UP CHRISTMAS,Train,1,Shake Up ChristmasTrain,1,,99,1,2011,1,8,2011-01-08,2010,0.0,2010-12-25,-14,99,0,True,,2010,4,1,1,18,1,0
373,http://www.billboard.com/charts/hot-100/1961-11-25,11/25/1961,99,LITTLE ALTAR BOY,Vic Dana,0,Little Altar BoyVic Dana,1,,45,8,1961,11,25,1961-11-25,1961,0.0,1961-12-25,30,99,1,False,,1960,4,1,9,16,0,2
374,http://www.billboard.com/charts/hot-100/1961-12-02,1961-02-12 00:00:00,78,LITTLE ALTAR BOY,Vic Dana,0,Little Altar BoyVic Dana,1,99.0,45,8,1961,12,2,1961-12-02,1961,-21.0,1961-12-25,23,0,1,False,,1960,3,1,9,16,0,2
375,http://www.billboard.com/charts/hot-100/1961-12-09,1961-09-12 00:00:00,57,LITTLE ALTAR BOY,Vic Dana,0,Little Altar BoyVic Dana,1,78.0,45,8,1961,12,9,1961-12-09,1961,-21.0,1961-12-25,16,0,1,False,,1960,2,0,9,16,0,2
376,http://www.billboard.com/charts/hot-100/1961-12-16,12/16/1961,51,LITTLE ALTAR BOY,Vic Dana,0,Little Altar BoyVic Dana,1,57.0,45,8,1961,12,16,1961-12-16,1961,-6.0,1961-12-25,9,0,1,False,,1960,2,0,9,16,0,2
377,http://www.billboard.com/charts/hot-100/1961-12-23,12/23/1961,48,LITTLE ALTAR BOY,Vic Dana,0,Little Altar BoyVic Dana,1,51.0,45,8,1961,12,23,1961-12-23,1961,-3.0,1961-12-25,2,0,1,False,,1960,2,0,9,16,0,2
378,http://www.billboard.com/charts/hot-100/1961-12-30,12/30/1961,45,LITTLE ALTAR BOY,Vic Dana,0,Little Altar BoyVic Dana,1,48.0,45,8,1961,12,30,1961-12-30,1961,-3.0,1961-12-25,-5,0,0,False,,1960,2,0,9,16,0,2
379,http://www.billboard.com/charts/hot-100/1962-01-06,1962-06-01 00:00:00,45,LITTLE ALTAR BOY,Vic Dana,0,Little Altar BoyVic Dana,1,48.0,45,8,1962,1,6,1962-01-06,1961,-3.0,1961-12-25,-12,0,0,False,,1960,2,0,9,16,0,2
380,http://www.billboard.com/charts/hot-100/1962-01-13,1/13/1962,48,LITTLE ALTAR BOY,Vic Dana,0,Little Altar BoyVic Dana,1,45.0,45,8,1962,1,13,1962-01-13,1961,3.0,1961-12-25,-19,0,0,False,,1960,2,0,9,16,0,2
381,http://www.billboard.com/charts/hot-100/1962-01-20,1/20/1962,51,LITTLE ALTAR BOY,Vic Dana,0,Little Altar BoyVic Dana,1,48.0,45,8,1962,1,20,1962-01-20,1961,3.0,1961-12-25,-26,0,0,False,,1960,2,0,9,16,0,2
382,http://www.billboard.com/charts/hot-100/2017-01-07,2017-07-01 00:00:00,50,LAST CHRISTMAS,Wham!,1,Last ChristmasWham!,1,,41,2,2017,1,7,2017-01-07,2016,0.0,2016-12-25,-13,50,0,True,,2010,2,0,2,14,1,1
383,http://www.billboard.com/charts/hot-100/2017-01-14,1/14/2017,41,LAST CHRISTMAS,Wham!,1,Last ChristmasWham!,1,50.0,41,2,2017,1,14,2017-01-14,2016,-9.0,2016-12-25,-20,0,0,True,,2010,2,0,2,14,1,1
384,http://www.billboard.com/charts/hot-100/1980-12-27,12/27/1980,82,MERRY CHRISTMAS IN THE NFL,"Willis ""The Guard"" & Vigorish",1,"Merry Christmas In The NFLWillis ""The Guard"" & Vigorish",1,,82,3,1980,12,27,1980-12-27,1980,0.0,1980-12-25,-2,82,0,True,,1980,4,1,3,26,1,1
385,http://www.billboard.com/charts/hot-100/1981-01-03,1981-03-01 00:00:00,82,MERRY CHRISTMAS IN THE NFL,"Willis ""The Guard"" & Vigorish",1,"Merry Christmas In The NFLWillis ""The Guard"" & Vigorish",1,82.0,82,3,1981,1,3,1981-01-03,1980,0.0,1980-12-25,-9,0,0,True,,1980,4,1,3,26,1,1
386,http://www.billboard.com/charts/hot-100/1981-01-10,1981-10-01 00:00:00,82,MERRY CHRISTMAS IN THE NFL,"Willis ""The Guard"" & Vigorish",1,"Merry Christmas In The NFLWillis ""The Guard"" & Vigorish",1,82.0,82,3,1981,1,10,1981-01-10,1980,0.0,1980-12-25,-16,0,0,True,,1980,4,1,3,26,1,1
